,Availability,Base caliber,Basic Info,Bezel material,Bracelet color,Bracelet material,Bracelet/strap,Brand,Caliber,Case,Case diameter,Case material,Clasp,Clasp material,Condition,Crystal,Dial,Dial numerals,Expected delivery,Functions,Gender,Listing number,Location,Model,Movement,Movement/Caliber,Number of jewels,Payment Method,Power reserve,Reference number,Scope of delivery,Water resistance,Year,name,price,url,Code,Others,Thickness,Buckle width,Country
15269328.htm,Available now,cal. 3135,Basic Info,Ceramic,Steel,Steel,Bracelet/strap,Rolex,Caliber,Case,40 mm,Steel,Fold clasp,Steel,"New (Brand new, without any signs of wear)",Sapphire crystal,Black,No numerals,"Jun 17, 2020 - Jun 29, 2020",Functions,Men's watch/Unisex,939W08,"Hong Kong, TST East Kowloon",Submariner Date,Automatic,3135,31,Bank transfer,48 h,116610LV,"Original box, original papers",30 ATM,2020,Rolex Submariner Date ,24218.0,https://www.chrono24.com.au/rolex/15269328.htm,,,,,Hong Kong
15128403.htm,Available now,3130,Basic Info,Ceramic,Steel,Steel,Bracelet/strap,Rolex,Caliber,Case,40 mm,Steel,Fold clasp,Steel,"Unworn (Mint condition, without signs of wear)",Sapphire crystal,Black,No numerals,,,Men's watch/Unisex,9095F0,"United States of America, California, Bell",Submariner (No Date),Automatic,3130,31,Bank transfer,48 h,114060,"Original box, original papers",30 ATM,2020 (Approximation),Rolex Submariner (No Date) ,14209.0,https://www.chrono24.com.au/rolex/15128403.htm,,,,,United States of America
15079733.htm,Available now,cal. 3135,Basic Info,Ceramic,Steel,Steel,Bracelet/strap,Rolex,Caliber,Case,40 mm,Steel,Fold clasp,Steel,"New (Brand new, without any signs of wear)",Sapphire crystal,Black,No numerals,"Jun 17, 2020 - Jun 29, 2020",Functions,Men's watch/Unisex,8Z7LH9,"Italy, milano",Submariner Date,Automatic,3135,31,Bank transfer,48 h,116610LN,"Original box, original papers",30 ATM,2020,Rolex Submariner Date ,18035.0,https://www.chrono24.com.au/rolex/15079733.htm,,,,,Italy
15293129.htm,Available now,,Basic Info,Ceramic,Steel,Steel,Bracelet/strap,Rolex,Caliber,Case,40 mm,Steel,Fold clasp,Steel,Very good (Worn with little to no signs of wear),,Black,,"Jun 17, 2020 - Jun 29, 2020",,,93S950,"Germany, Prüm",Submariner Date,Automatic,,,Bank transfer,,116610LN,"Original box, original papers",30 ATM,2020,"Rolex Submariner Date Neuwertig LC100 116610LN from 2020, Box, Papers ",19218.0,https://www.chrono24.com.au/rolex/15293129.htm,CW 4718,,,,Germany
15250965.htm,Available now,cal. 3135,Basic Info,Ceramic,Steel,Steel,Bracelet/strap,Rolex,Caliber,Case,40 mm,Steel,Fold clasp,Steel,"Unworn (Mint condition, without signs of wear)",Sapphire crystal,Black,No numerals,,Functions,Men's watch/Unisex,92VPX7,"Switzerland, Brislach",Submariner Date,Automatic,3135,31,Bank transfer,48 h,116610LN,"Original box, original papers",30 ATM,2020,Rolex Submariner Date ,19839.0,https://www.chrono24.com.au/rolex/15250965.htm,,,,,Switzerland
15051762.htm,Available now,,Basic Info,,Steel,Steel,Bracelet/strap,Rolex,Caliber,Case,40 mm,Steel,Fold clasp,Steel,"New (Brand new, without any signs of wear)",Sapphire crystal,Black,No numerals,"Jun 3, 2020 - Jun 11, 2020",,Men's watch/Unisex,8YM0I4,"The Netherlands, Maastricht",Submariner (No Date),Automatic,Rolex Cal. 3130,,Bank transfer,,114060,"Original box, original papers",30 ATM,2020,Rolex Submariner No-Date NEW ,16997.0,https://www.chrono24.com.au/rolex/15051762.htm,23303,Others,12.5 mm,,The Netherlands
15244637.htm,Available now,,Basic Info,Ceramic,Gold/Steel,Gold/Steel,Bracelet/strap,Rolex,Caliber,Case,40 mm,Steel,Fold clasp,Gold/Steel,"New (Brand new, without any signs of wear)",Sapphire crystal,Black,No numerals,"Jun 17, 2020 - Jun 29, 2020",Functions,Men's watch/Unisex,92QU54,"United States of America, Florida, Sunny Isles Beach",Submariner Date,Automatic,3135,31,Bank transfer,48 h,116613LN,"Original box, no original papers",30 ATM,2020,Rolex Submariner Date ,22689.0,https://www.chrono24.com.au/rolex/15244637.htm,,,,,United States of America
15278197.htm,,cal. 3135,Basic Info,Ceramic,Steel,Steel,Bracelet/strap,Rolex,Caliber,Case,40 mm,Steel,Fold clasp,Steel,Very good (Worn with little to no signs of wear),Sapphire crystal,Green,No numerals,,Functions,Men's watch/Unisex,93GQD0,"United States of America, Tennesse, Nashville",Submariner Date,Automatic,3135,31,Bank transfer,48 h,116610LV,"Original box, original papers",30 ATM,2020,Rolex Submariner Date ,23071.0,https://www.chrono24.com.au/rolex/15278197.htm,2825,,,,United States of America
15179064.htm,Available now,cal. 3135,Basic Info,Ceramic,Steel,Steel,Bracelet/strap,Rolex,Caliber,Case,40 mm,Steel,Fold clasp,Steel,"Unworn (Mint condition, without signs of wear)",Sapphire crystal,Black,No numerals,,Functions,Men's watch/Unisex,91C8O9,"Germany, Augsburg",Submariner Date,Automatic,3135,31,Bank transfer,48 h,116610LN,"Original box, original papers",30 ATM,2020,Rolex Submariner Date ,20247.0,https://www.chrono24.com.au/rolex/15179064.htm,,,,,Germany
15132191.htm,,,Basic Info,Ceramic,Gold/Steel,Gold/Steel,Bracelet/strap,Rolex,Caliber,Case,40 mm,Gold/Steel,Fold clasp,Gold/Steel,"New (Brand new, without any signs of wear)",Sapphire crystal,Black,No numerals,,Functions,Men's watch/Unisex,90C2N7,"Spain, Arona",Submariner Date,Automatic,3135,31,Bank transfer,48 h,116613LN,"Original box, original papers",30 ATM,2020,Rolex Submariner Date 116613LN full stikers full set 2020 ,23139.0,https://www.chrono24.com.au/rolex/15132191.htm,,,,,Spain
15183165.htm,Available now,3130,Basic Info,Ceramic,Steel,Steel,Bracelet/strap,Rolex,Caliber,Case,40 mm,Steel,Fold clasp,Steel,"New (Brand new, without any signs of wear)",Sapphire crystal,Black,No numerals,"Jun 17, 2020 - Jun 29, 2020",,Men's watch/Unisex,91FEL1,"United States of America, New York, Yonkers",Submariner (No Date),Automatic,3130,31,Bank transfer,48 h,114060,"Original box, original papers",30 ATM,2020,Rolex Submariner (No Date) ,15262.0,https://www.chrono24.com.au/rolex/15183165.htm,,,,,United States of America
15269629.htm,Available now,,Basic Info,,Steel,Steel,Bracelet/strap,Rolex,Caliber,Case,40 mm,Steel,Fold clasp,,"Unworn (Mint condition, without signs of wear)",Sapphire crystal,Black,,"Jun 3, 2020 - Jun 11, 2020",,,93A4D2,"The Netherlands, Maastricht",Submariner (No Date),Automatic,,,Bank transfer,,114060,"Original box, original papers",,2020,Rolex Submariner Ref. 114060 ,16929.0,https://www.chrono24.com.au/rolex/15269629.htm,20-200689,,,,The Netherlands
15058461.htm,Available now,cal. 3135,Basic Info,Ceramic,Steel,Steel,Bracelet/strap,Rolex,Caliber,Case,40 mm,Steel,Fold clasp,Steel,"New (Brand new, without any signs of wear)",Sapphire crystal,Black,No numerals,"Jun 17, 2020 - Jun 29, 2020",Functions,Men's watch/Unisex,8YR6L5,"The Netherlands, Velp",Submariner Date,Automatic,3135,31,Bank transfer,48 h,116610LN,"Original box, original papers",30 ATM,2020,Rolex Submariner Date NEW UNWORN ,19141.0,https://www.chrono24.com.au/rolex/15058461.htm,,,,,The Netherlands
15296716.htm,Available now,3130,Basic Info,Ceramic,Steel,Steel,Bracelet/strap,Rolex,Caliber,Case,40 mm,Steel,Fold clasp,Steel,"New (Brand new, without any signs of wear)",Sapphire crystal,Black,No numerals,"Jun 3, 2020 - Jun 11, 2020",,Men's watch/Unisex,93V0S0,"Germany, München",Submariner (No Date),Automatic,3130,31,Bank transfer,48 h,114060,"Original box, original papers",30 ATM,2020,Rolex Submariner (No Date) - Neu - Fullset - 05/2020 - Ungetragen ,17337.0,https://www.chrono24.com.au/rolex/15296716.htm,,,,,Germany
15218191.htm,Available now,,Basic Info,,Steel,Steel,Bracelet/strap,Rolex,Caliber,Case,40 mm,Steel,Fold clasp,,"New (Brand new, without any signs of wear)",,Black,No numerals,"Jun 17, 2020 - Jun 29, 2020",,,926FJ2,"Italy, MILANO - MUNICH - FROSINONE - MANFREDONIA",Submariner Date,Automatic,,,Bank transfer,,116610LN,"Original box, original papers",,2020,Rolex Submariner 116610ln New 2020 ,18375.0,https://www.chrono24.com.au/rolex/15218191.htm,1200,,,,Italy
15124875.htm,Available now,3130,Basic Info,Ceramic,Steel,Steel,Bracelet/strap,Rolex,Caliber,Case,40 mm,Steel,Fold clasp,Steel,"New (Brand new, without any signs of wear)",Sapphire crystal,Black,No numerals,"Jun 12, 2020 - Jun 20, 2020",,Men's watch/Unisex,906FF1,"Germany, Siegburg",Submariner (No Date),Automatic,3130,31,Bank transfer,48 h,114060,"Original box, original papers",30 ATM,2020,Rolex Submariner (No Date) Neu 2020 ,17012.0,https://www.chrono24.com.au/rolex/15124875.htm,,,,,Germany
15306351.htm,Available now,,Basic Info,Ceramic,Gold,Yellow gold,Bracelet/strap,Rolex,Caliber,Case,40 mm,Yellow gold,Fold clasp,Yellow gold,"New (Brand new, without any signs of wear)",Sapphire crystal,Blue,No numerals,"Jun 3, 2020 - Jun 11, 2020",Functions,Men's watch/Unisex,942GF9,"United States of America, New Jersey, Totowa",Submariner Date,Automatic,3135,31,Bank transfer,50 h,116618LB,"Original box, original papers",30 ATM,2020,Rolex Submariner Date NEW 2020 116618LB ,46868.0,https://www.chrono24.com.au/rolex/15306351.htm,,,,,United States of America
15196438.htm,Available now,cal. 3135,Basic Info,Ceramic,Steel,Steel,Bracelet/strap,Rolex,Caliber,Case,40 mm,Steel,Fold clasp,Steel,"New (Brand new, without any signs of wear)",Sapphire crystal,Green,No numerals,"Jun 17, 2020 - Jun 29, 2020",Functions,Men's watch/Unisex,91PNA1,"Turkey, İstanbul",Submariner Date,Automatic,3135,31,,48 h,116610LV,"Original box, original papers",30 ATM,2020,Rolex Submariner Date ,24140.0,https://www.chrono24.com.au/rolex/15196438.htm,,,,,Turkey
15189936.htm,Available now,3130,Basic Info,Ceramic,Steel,Steel,Bracelet/strap,Rolex,Caliber,Case,40 mm,Steel,Fold clasp,Steel,"New (Brand new, without any signs of wear)",Sapphire crystal,Black,No numerals,"Jun 12, 2020 - Jun 20, 2020",,Men's watch/Unisex,91KMO6,"Italy, Castellanza (VA)",Submariner (No Date),Automatic,3130,31,Bank transfer,48 h,114060,"Original box, original papers",30 ATM,2020,Rolex Submariner (No Date) ,16163.0,https://www.chrono24.com.au/rolex/15189936.htm,5238,,,,Italy
15226305.htm,Available now,,Basic Info,Steel,,,,Rolex,Caliber,Case,40 mm,Steel,,,"New (Brand new, without any signs of wear)",,Black,,"Jun 12, 2020 - Jun 20, 2020",,,92COX7,"Austria, Wien",Submariner Date,Automatic,,,Bank transfer,,116610LN,"Original papers, no original box",,2020,Rolex Submariner Ref. 116610LN ,18631.0,https://www.chrono24.com.au/rolex/15226305.htm,1r1304,,,,Austria
15286800.htm,Available now,,Basic Info,Ceramic,Steel,Steel,Bracelet/strap,Rolex,Caliber,Case,40 mm,Steel,Fold clasp,Steel,"Unworn (Mint condition, without signs of wear)",Sapphire crystal,Green,No numerals,"Jun 3, 2020 - Jun 11, 2020",Functions,Men's watch/Unisex,93NDC3,"United States of America, New York, New York",Submariner Date,Automatic,3135,,Bank transfer,,116610LV,"Original box, original papers",30 ATM,2020,Rolex Submariner Hulk Steel Green Ceramic 40MM Watch 116610LV ,26431.0,https://www.chrono24.com.au/rolex/15286800.htm,RSUB07070,,,,United States of America
15296555.htm,Available now,cal. 3135,Basic Info,Ceramic,Steel,Steel,Bracelet/strap,Rolex,Caliber,Case,40 mm,Steel,Fold clasp,Steel,"New (Brand new, without any signs of wear)",Sapphire crystal,Green,No numerals,"Jun 17, 2020 - Jun 29, 2020",Functions,Men's watch/Unisex,93UWB2,"Italy, Sarnico",Submariner Date,Automatic,3135,31,Bank transfer,48 h,116610LV,"Original box, original papers",30 ATM,2020,Rolex Submariner Date Nuovo Italia 2020 con documenti e scatola ,24671.0,https://www.chrono24.com.au/rolex/15296555.htm,,,,,Italy
15190156.htm,Available now,cal. 3135,Basic Info,Ceramic,Steel,Steel,Bracelet/strap,Rolex,Caliber,Case,40 mm,Steel,Fold clasp,Steel,"Unworn (Mint condition, without signs of wear)",Sapphire crystal,Black,No numerals,,Functions,Men's watch/Unisex,91KSS1,"France, Montreuil",Submariner Date,Automatic,3135,31,Bank transfer,48 h,116610LN,"Original box, original papers",30 ATM,2020,Rolex Submariner Date ,19141.0,https://www.chrono24.com.au/rolex/15190156.htm,,,,,France
15149082.htm,Available now,,Basic Info,Ceramic,Silver,Steel,Bracelet/strap,Rolex,Caliber,Case,40 mm,Steel,Fold clasp,,"Unworn (Mint condition, without signs of wear)",Sapphire crystal,,,"Jun 17, 2020 - Jun 29, 2020",Functions,,90P3U3,"Germany, Rheda-Wiedenbrück",Submariner Date,Automatic,Manufakturkaliber Rolex 3135,,Bank transfer,50 h,116610LN,"Original box, original papers",30 ATM,2020,Rolex Submariner Date 116610LN ,19549.0,https://www.chrono24.com.au/rolex/15149082.htm,18765,,12 mm,20 mm,Germany
15287991.htm,Available now,cal. 3135,Basic Info,Ceramic,Steel,Steel,Bracelet/strap,Rolex,Caliber,Case,40 mm,Steel,Fold clasp,Steel,"Unworn (Mint condition, without signs of wear)",Sapphire crystal,Black,No numerals,"Jun 17, 2020 - Jun 29, 2020",Functions,Men's watch/Unisex,93OAF1,"Sweden, Stockholm",Submariner Date,Automatic,3135,31,Bank transfer,48 h,116610LN,"Original box, original papers",30 ATM,2020,Rolex Submariner Date ,20766.0,https://www.chrono24.com.au/rolex/15287991.htm,,,,,Sweden
15282183.htm,,,Basic Info,,Steel,Steel,Bracelet/strap,Rolex,Caliber,Case,40 mm,Steel,,,Very good (Worn with little to no signs of wear),Sapphire crystal,Black,,,Functions,,93JT35,"United States of America, Massachusetts, Boston",Submariner (No Date),Automatic,3130,31,Bank transfer,48 h,114060,"Original box, original papers",30 ATM,2020,Rolex 114060 Submariner 114060 No Date Ceramic Bezel SS 2020 (34928) ,15126.0,https://www.chrono24.com.au/rolex/15282183.htm,34928,,12.5 mm,,United States of America
15137566.htm,Available now,cal. 3135,Basic Info,Ceramic,Steel,Steel,Bracelet/strap,Rolex,Caliber,Case,40 mm,Steel,Fold clasp,Steel,"New (Brand new, without any signs of wear)",Sapphire crystal,Black,No numerals,"Jun 3, 2020 - Jun 11, 2020",Functions,Men's watch/Unisex,90G7Y9,"United States of America, New Jersey, Totowa",Submariner Date,Automatic,3135,31,Bank transfer,48 h,116610LN,"Original box, original papers",30 ATM,2020,Rolex Submariner Date 2020 NEW 116610LN ,17645.0,https://www.chrono24.com.au/rolex/15137566.htm,,,,,United States of America
15304238.htm,Available now,cal. 3135,Basic Info,Ceramic,Steel,Steel,Bracelet/strap,Rolex,Caliber,Case,40 mm,Steel,Fold clasp,Steel,"New (Brand new, without any signs of wear)",Sapphire crystal,Black,No numerals,"Jun 3, 2020 - Jun 11, 2020",Functions,Men's watch/Unisex,940TQ3,"Italy, Piacenza",Submariner Date,Automatic,3135,31,Bank transfer,48 h,116610LN,"Original box, original papers",30 ATM,2020,Rolex Submariner Date ,17525.0,https://www.chrono24.com.au/rolex/15304238.htm,,,,,Italy
15208302.htm,Available now,cal. 3135,Basic Info,Ceramic,Steel,Steel,Bracelet/strap,Rolex,Caliber,Case,40 mm,Steel,Fold clasp,Steel,"New (Brand new, without any signs of wear)",Sapphire crystal,Black,No numerals,"Jun 12, 2020 - Jun 20, 2020",Functions,Men's watch/Unisex,91YSU9,"The Netherlands, Franeker",Submariner Date,Automatic,3135,31,Bank transfer,48 h,116610LN,"Original box, original papers",30 ATM,2020,Rolex Submariner Date 116610LN ''2020'' UNWORN ,19558.0,https://www.chrono24.com.au/rolex/15208302.htm,,,,,The Netherlands
15282370.htm,Available now,3130,Basic Info,Ceramic,Steel,Steel,Bracelet/strap,Rolex,Caliber,Case,40 mm,Steel,Fold clasp,Steel,"New (Brand new, without any signs of wear)",Sapphire crystal,Black,No numerals,"Jun 12, 2020 - Jun 20, 2020",,,93JYA4,"Italy, Roma",Submariner (No Date),Automatic,3130,31,Bank transfer,48 h,114060,"Original box, original papers",30 ATM,2020,Rolex Submariner New 05/2020 Italy Full Set Ref.114060LN ,16146.0,https://www.chrono24.com.au/rolex/15282370.htm,,,,,Italy
15295460.htm,Available now,3130,Basic Info,Ceramic,Steel,Steel,Bracelet/strap,Rolex,Caliber,Case,40 mm,Steel,Fold clasp,Steel,"New (Brand new, without any signs of wear)",Sapphire crystal,Black,No numerals,"Jun 17, 2020 - Jun 29, 2020",,Men's watch/Unisex,93U1W6,"Turkey, İstanbul",Submariner (No Date),Automatic,3130,31,,48 h,114060,"Original box, original papers",30 ATM,2020,Rolex Submariner No Date B&P ,16163.0,https://www.chrono24.com.au/rolex/15295460.htm,,,,,Turkey
15078703.htm,Ready to ship in 3-5 days,cal. 3135,Basic Info,Ceramic,Steel,Steel,Bracelet/strap,Rolex,Caliber,Case,40 mm,Steel,Fold clasp,Steel,"New (Brand new, without any signs of wear)",Sapphire crystal,Black,No numerals,"Jun 17, 2020 - Jun 29, 2020",Functions,Men's watch/Unisex,8Z6SV5,"Malaysia, Malaysia",Submariner Date,Automatic,3135,31,,48 h,116610LN,"Original box, original papers",30 ATM,2020,Rolex Submariner Date ,19184.0,https://www.chrono24.com.au/rolex/15078703.htm,,,,,Malaysia
15063057.htm,Available now,cal. 3135,Basic Info,Ceramic,Steel,Steel,Bracelet/strap,Rolex,Caliber,Case,40 mm,Steel,Fold clasp,Steel,"Unworn (Mint condition, without signs of wear)",Sapphire crystal,Black,No numerals,,Functions,Men's watch/Unisex,8YUQ99,"United States of America, Florida, Coral Gables",Submariner Date,Automatic,3135,31,Bank transfer,48 h,116610LN,"Original box, original papers",30 ATM,2020 (Approximation),Rolex Submariner Date ,17894.0,https://www.chrono24.com.au/rolex/15063057.htm,,,,,United States of America
15297132.htm,Available now,cal. 3135,Basic Info,Ceramic,Steel,Steel,Bracelet/strap,Rolex,Caliber,Case,40 mm,Steel,Fold clasp,Steel,"New (Brand new, without any signs of wear)",Sapphire crystal,Black,No numerals,"Jun 17, 2020 - Jun 29, 2020",Functions,Men's watch/Unisex,93VCC9,"The Netherlands, Huizen",Submariner Date,Automatic,3135,31,Bank transfer,48 h,116610LN,"Original box, original papers",30 ATM,2020,"Rolex Submariner Date 40mm, 116610LN, Steel,  Black (Date) ",18631.0,https://www.chrono24.com.au/rolex/15297132.htm,,,,,The Netherlands
15249186.htm,Available now,cal. 3135,Basic Info,Ceramic,Steel,Steel,Bracelet/strap,Rolex,Caliber,Case,40 mm,Steel,Fold clasp,Steel,"New (Brand new, without any signs of wear)",Sapphire crystal,Green,No numerals,"Jun 12, 2020 - Jun 20, 2020",Functions,Men's watch/Unisex,92UCI2,"The Netherlands, Franeker",Submariner Date,Automatic,3135,31,Bank transfer,48 h,116610LV,"Original box, original papers",30 ATM,2020,Rolex Submariner Date 116610LV / HULK  'UNWORN 2020'' NEW ,25947.0,https://www.chrono24.com.au/rolex/15249186.htm,,,,,The Netherlands
15090463.htm,Available now,,Basic Info,,Steel,Steel,Bracelet/strap,Rolex,Caliber,Case,40 mm,Steel,,,"New (Brand new, without any signs of wear)",,,,"Jul 3, 2020 - Jul 23, 2020",,,8ZFVJ3,"Italy, Riccione (RI)",Submariner Date,Automatic,,,Bank transfer,,116610,"Original box, original papers",30 ATM,2020,Rolex Submariner - Limited Edition /5  Black Venom ,31545.0,https://www.chrono24.com.au/rolex/15090463.htm,898,Others,,,Italy
15281576.htm,Available now,cal. 3135,Basic Info,Ceramic,Steel,Steel,Bracelet/strap,Rolex,Caliber,Case,40 mm,Steel,Fold clasp,Steel,Very good (Worn with little to no signs of wear),Sapphire crystal,Black,No numerals,"Jun 3, 2020 - Jun 11, 2020",Functions,Men's watch/Unisex,93JC89,"Denmark, Greve",Submariner Date,Automatic,3135,31,Bank transfer,48 h,116610LN,"Original box, original papers",30 ATM,2020,Rolex Submariner Date ,19141.0,https://www.chrono24.com.au/rolex/15281576.htm,,,,,Denmark
15103982.htm,Available now,cal. 3135,Basic Info,Ceramic,Steel,Steel,Bracelet/strap,Rolex,Caliber,Case,40 mm,Steel,Fold clasp,Steel,"Unworn (Mint condition, without signs of wear)",Sapphire crystal,Black,No numerals,"Jun 12, 2020 - Jun 20, 2020",Functions,Men's watch/Unisex,8ZQB25,"Italy, Milano",Submariner Date,Automatic,3135,31,Bank transfer,48 h,116610LN,"Original box, original papers",30 ATM,2020,Rolex Submariner Date 116610 LN New 2020 LC170 ,17695.0,https://www.chrono24.com.au/rolex/15103982.htm,,,,,Italy
15293528.htm,Available now,3130,Basic Info,Ceramic,Steel,Steel,Bracelet/strap,Rolex,Caliber,Case,40 mm,Steel,Fold clasp,Steel,"New (Brand new, without any signs of wear)",Sapphire crystal,Black,No numerals,"Jun 12, 2020 - Jun 20, 2020",,Men's watch/Unisex,93SK84,"Italy, Fabriano",Submariner (No Date),Automatic,3130,31,Bank transfer,48 h,114060,"Original box, original papers",30 ATM,2020,Rolex Submariner (No Date) - NEW 2020 LC 170 - 114060 - ,16129.0,https://www.chrono24.com.au/rolex/15293528.htm,,,,,Italy
15215739.htm,Available now,3130,Basic Info,Ceramic,Steel,Steel,Bracelet/strap,Rolex,Caliber,Case,40 mm,Steel,Fold clasp,Steel,"New (Brand new, without any signs of wear)",Sapphire crystal,Black,No numerals,"Jun 12, 2020 - Jun 20, 2020",,Men's watch/Unisex,924JF9,"Italy, Milano",Submariner (No Date),Automatic,3130,31,Bank transfer,48 h,114060,"Original box, original papers",30 ATM,2020,Rolex Submariner (No Date) New 2020 ,15823.0,https://www.chrono24.com.au/rolex/15215739.htm,,,,,Italy
15223059.htm,Available now,3130,Basic Info,Ceramic,Steel,Steel,Bracelet/strap,Rolex,Caliber,Case,40 mm,Steel,Fold clasp,Steel,"Unworn (Mint condition, without signs of wear)",Sapphire crystal,Black,No numerals,,,Men's watch/Unisex,92A6R3,"United States of America, Massachusetts, 02116",Submariner (No Date),Automatic,3130,31,Bank transfer,48 h,114060,"Original box, original papers",30 ATM,2020 (Approximation),Rolex Submariner (No Date) 114060 Unworn ,14744.0,https://www.chrono24.com.au/rolex/15223059.htm,,,,,United States of America
15250404.htm,Available now,,Basic Info,,Steel,Steel,Bracelet/strap,Rolex,Caliber,Case,40 mm,Steel,,,"New (Brand new, without any signs of wear)",,Black,,"Jul 3, 2020 - Jul 23, 2020",,,92VAC7,"Italy, Riccione (RI)",Submariner (No Date),Automatic,,,Bank transfer,,114060,"Original box, original papers",30 ATM,2020,Rolex Submariner - Star wars - Limited Edition /10 Black Venom Dlc - Pvd ,25411.0,https://www.chrono24.com.au/rolex/15250404.htm,907,Others,,,Italy
15157648.htm,Available now,cal. 3135,Basic Info,Ceramic,Steel,Steel,Bracelet/strap,Rolex,Caliber,Case,40 mm,Steel,Fold clasp,Steel,Very good (Worn with little to no signs of wear),Sapphire crystal,Black,No numerals,"Jun 17, 2020 - Jun 29, 2020",Functions,Men's watch/Unisex,90VPS3,"Austria, Kufstein",Submariner Date,Automatic,3135,31,Bank transfer,48 h,116610LN,"Original box, original papers",30 ATM,2020,Rolex Submariner Date ,18886.0,https://www.chrono24.com.au/rolex/15157648.htm,,,,,Austria
15218450.htm,Available now,cal. 3135,Basic Info,Ceramic,Steel,Steel,Bracelet/strap,Rolex,Caliber,Case,40 mm,Steel,Fold clasp,Steel,"Unworn (Mint condition, without signs of wear)",Sapphire crystal,Green,No numerals,"Jun 17, 2020 - Jun 29, 2020",Functions,Men's watch/Unisex,926MQ0,"United Kingdom, London",Submariner Date,Automatic,3135,31,Bank transfer,48 h,116610LV,"Original box, original papers",30 ATM,2020,Rolex Submariner Date HULK 2020 116610LV full set ,26346.0,https://www.chrono24.com.au/rolex/15218450.htm,,,,,United Kingdom
15290516.htm,Available now,,Basic Info,,,,,Rolex,Caliber,,,,,,"Unworn (Mint condition, without signs of wear)",,,,,,Men's watch/Unisex,93Q8K2,"Italy, Fiumicino",Submariner (No Date),Automatic,,,Bank transfer,,114060,"Original box, original papers",,2020,Rolex Submariner ,16334.0,https://www.chrono24.com.au/rolex/15290516.htm,,,,,Italy
15228952.htm,Available now,,Basic Info,Ceramic,Gold/Steel,Gold/Steel,Bracelet/strap,Rolex,Caliber,Case,40 mm,Gold/Steel,Fold clasp,Gold/Steel,"New (Brand new, without any signs of wear)",Sapphire crystal,Black,No numerals,"Jun 3, 2020 - Jun 11, 2020",Functions,Men's watch/Unisex,92EQG0,"Austria, Wien",Submariner Date,Automatic,3135,31,Bank transfer,48 h,116613LN,"Original box, original papers",30 ATM,2020,Rolex Submariner Date 116613LN 2020 EU ,22969.0,https://www.chrono24.com.au/rolex/15228952.htm,,,,,Austria
15220045.htm,Available now,,Basic Info,,Gold,Yellow gold,Bracelet/strap,Rolex,Caliber,Case,40 mm,Yellow gold,Fold clasp,Yellow gold,"Unworn (Mint condition, without signs of wear)",Sapphire crystal,Black,No numerals,"Jun 12, 2020 - Jun 20, 2020",Functions,Men's watch/Unisex,927V17,"United Kingdom, Wilmslow",Submariner Date,Automatic,3135,31,Bank transfer,50 h,116618LN,"Original box, original papers",30 ATM,2020,Rolex Submariner Date - Unworn Box & Papers UK Supplied May 2020 ,55082.0,https://www.chrono24.com.au/rolex/15220045.htm,W20W7480,,,,United Kingdom
15184651.htm,Ready to ship in 3-5 days,Rolex 3135,Basic Info,Ceramic,Gold/Steel,Gold/Steel,Bracelet/strap,Rolex,Caliber,Case,40 mm,Yellow gold,Fold clasp,Gold/Steel,"New (Brand new, without any signs of wear)",Sapphire crystal,Blue,No numerals,"Jun 17, 2020 - Jun 29, 2020",Functions,Men's watch/Unisex,91GJV5,"Malaysia, Malaysia",Submariner Date,Automatic,3135,31,,50 h,116613LB,"Original box, original papers",30 ATM,2020,Rolex Submariner Date ,22337.0,https://www.chrono24.com.au/rolex/15184651.htm,,,,,Malaysia
15093427.htm,Available now,cal. 3135,Basic Info,Ceramic,Steel,Steel,Bracelet/strap,Rolex,Caliber,Case,40 mm,Steel,Fold clasp,Steel,"Unworn (Mint condition, without signs of wear)",Sapphire crystal,Black,No numerals,"Jun 3, 2020 - Jun 11, 2020",Functions,Men's watch/Unisex,8ZI5V4,"United States of America, Florida, Miami",Submariner Date,Automatic,3135,31,Bank transfer,48 h,116610LN,"Original box, original papers",30 ATM,2020,Rolex 116610LN UNWORN 2020 Submariner Date Men’s Watch IN STOCK ,18869.0,https://www.chrono24.com.au/rolex/15093427.htm,TCXA,,,,United States of America
15120192.htm,Available now,cal. 3135,Basic Info,Ceramic,Steel,Steel,Bracelet/strap,Rolex,Caliber,Case,40 mm,Steel,Fold clasp,Steel,"New (Brand new, without any signs of wear)",Sapphire crystal,Black,No numerals,"Jun 3, 2020 - Jun 11, 2020",Functions,Men's watch/Unisex,902TC3,"Spain, Torrelavega",Submariner Date,Automatic,3135,31,Bank transfer,48 h,116610LN,"Original box, original papers",30 ATM,2020,Rolex Submariner Date 116610LN New 2020 ,17865.0,https://www.chrono24.com.au/rolex/15120192.htm,,,,,Spain
