,Availability,Basic Info,Bezel material,Bracelet color,Bracelet length,Bracelet material,Bracelet thickness,Bracelet/strap,Brand,Buckle width,Caliber,Case,Case diameter,Case material,Clasp,Clasp material,Code,Condition,Date,Dial,Dial numerals,Expected delivery,Functions,Gender,Glass,Listing number,Location,Lug width,Model,Movement,Movement/Caliber,Number of jewels,Payment Method,Power reserve,Reference number,Scope of delivery,Thickness,Water resistance,Year,name,price,url,Base caliber,Chronograph,Others,"Chronograph, Tachymeter","Date, Tachymeter","Date, GMT",Frequency,GMT
12932697.htm,Available now,Basic Info,,,,Ostrich skin,,Bracelet/strap,Rolex,,Caliber,Case,32 mm,Steel,,,,Very good (Worn with little to no signs of wear),,,,"Nov 30, 2019 - Dec 12, 2019",,Men's watch/Unisex,Plexiglass,7P6XL1,"France, Strasbourg",,Bubble Back,Automatic,,,Bank transfer,,5015,"No original box, no original papers",,,1948 (Approximation),"Rolex Oyster (""Bubble Back"") ",4901,https://www.chrono24.com.au/rolex/12932697.htm,,,,,,,,
12933234.htm,Available now,Basic Info,Steel,Steel,,Steel,,Bracelet/strap,Rolex,10 mm,Caliber,Case,26 mm,Steel,Fold clasp,Steel,88534773,Fair (Obvious signs of wear or scratches),Date,Silver,No numerals,"Nov 30, 2019 - Dec 12, 2019",Functions,Women's watch,Plexiglass,7P7CI6,"Germany, Koblenz",13 mm  Size guide,Lady-Datejust,Automatic,2030,,Bank transfer,,6917,"Original papers, no original box",11 mm,,1986,Rolex Lady-Datejust ,3618,https://www.chrono24.com.au/rolex/12933234.htm,,,Others,,,,,
12932663.htm,Available now,Basic Info,Steel,Steel,,Steel,,Bracelet/strap,Rolex,,Caliber,Case,26 x 29 mm,Steel,Fold clasp,Steel,,Very good (Worn with little to no signs of wear),,White,Arabic numerals,"Nov 30, 2019 - Dec 12, 2019",,Women's watch,Sapphire Glass,7P6WN4,"Spain, Barcelona",,Oyster Perpetual 26,Automatic,2231,31,Bank transfer,48 h,176200,"Original box, original papers",,10 ATM,2017,Rolex Oyster Perpetual 26 ,5905,https://www.chrono24.com.au/rolex/12932663.htm,,,,,,,,
12933231.htm,Available now,Basic Info,Yellow gold,Gold,,Yellow gold,,Bracelet/strap,Rolex,,Caliber,Case,42 mm,Yellow gold,Fold clasp,Yellow gold,,"Unworn (Mint condition, without signs of wear)",Date,Black,Arabic numerals,"Nov 26, 2019 - Dec 4, 2019",Functions,Men's watch/Unisex,Sapphire Glass,7P7CF0,"Germany, Düsseldorf",,Sky-Dweller,Automatic,9001,40,Bank transfer,72 h,326938,"Original box, original papers",,10 ATM,2019,Rolex Sky-Dweller Gold Black Dial - 2019 NEW - LC100 ,62343,https://www.chrono24.com.au/rolex/12933231.htm,,,,,,,,
12933230.htm,Available now,Basic Info,Yellow gold,Brown,,Leather,,Bracelet/strap,Rolex,,Caliber,Case,34 mm,Yellow gold,Buckle,Steel,,Very good (Worn with little to no signs of wear),Date,Silver,No numerals,"Nov 16, 2019 - Nov 25, 2019",Functions,Men's watch/Unisex,Plexiglass,7P7CE8,"France, Cannes",,Oyster Perpetual Date,Automatic,1570,26,Bank transfer,48 h,1503,"Original box, no original papers",,10 ATM,1979,Rolex Oyster Perpetual Date 1503 Or Jaune 14K ,8636,https://www.chrono24.com.au/rolex/12933230.htm,,,Others,,,,,
12932832.htm,Available now,Basic Info,,,,Leather,,Bracelet/strap,Rolex,,Caliber,Case,36 mm,Steel,,,21128,Pre-owned,Date,Silver,,"Nov 26, 2019 - Dec 4, 2019",Functions,,Plexiglass,7P71C1,"Belgium, Bruxelles",,Datejust,Automatic,,,Bank transfer,,,"No original box, no original papers",,,1977,Rolex Datejust 1601 ,5675,https://www.chrono24.com.au/rolex/12932832.htm,,,Others,,,,,
12933191.htm,Available now,Basic Info,Yellow gold,Gold/Steel,,Gold/Steel,,Bracelet/strap,Rolex,16 mm,Caliber,Case,36 mm,Gold/Steel,Fold clasp,Steel,80948882,Good (Light signs of wear or scratches),Date,Silver,No numerals,"Nov 30, 2019 - Dec 12, 2019",Functions,Men's watch/Unisex,Plexiglass,7P7BB4,"Germany, Koblenz",20 mm  Size guide,Datejust Turn-O-Graph,Automatic,3035,27,Bank transfer,,16253,"No original box, no original papers",12 mm,,1962 (Approximation),Rolex Datejust Turn-O-Graph ,6908,https://www.chrono24.com.au/rolex/12933191.htm,,,Others,,,,,
12933186.htm,Available now,Basic Info,,Gold,,Yellow gold,,Bracelet/strap,Rolex,,Caliber,Case,26 mm,Yellow gold,Fold clasp,Yellow gold,4327,Very good (Worn with little to no signs of wear),Date,Gold,No numerals,"Nov 26, 2019 - Dec 4, 2019",Functions,Women's watch,Plexiglass,7P7B61,"Spain, Barcelona",,Lady-Datejust,Automatic,,28,Bank transfer,42 h,6917,"No original box, no original papers",,10 ATM,1973,Rolex Datejust 6917 Automatic 18K Gold  Lady ,5263,https://www.chrono24.com.au/rolex/12933186.htm,Cal. 2135,,,,,,,
12933183.htm,Available now,Basic Info,,Steel,,Steel,,Bracelet/strap,Rolex,,Caliber,Case,36 mm,Steel,Fold clasp,,3950,Very good (Worn with little to no signs of wear),Date,Silver,,"Nov 30, 2019 - Dec 12, 2019",Functions,Women's watch,Plexiglass,7P7B35,"Germany, Köln",,Datejust,Automatic,,,Bank transfer,,16234,"Original box, original papers",,,1993,Rolex Datejust Stahl 16234 ,7550,https://www.chrono24.com.au/rolex/12933183.htm,,,Others,,,,,
12933182.htm,Available now,Basic Info,,Gold/Steel,,Gold/Steel,,Bracelet/strap,Rolex,,Caliber,Case,41 mm,Gold/Steel,Fold clasp,,3943,Very good (Worn with little to no signs of wear),Date,,,"Nov 30, 2019 - Dec 12, 2019",Functions,Men's watch/Unisex,Sapphire Glass,7P7B23,"Germany, Köln",,Datejust II,Automatic,,,Bank transfer,,116333,"Original box, original papers",,,2015,Rolex Datejust 2 Iced out Stahl/Gold 116333 ,46042,https://www.chrono24.com.au/rolex/12933182.htm,,,Others,,,,,
12933181.htm,Available now,Basic Info,,Gold,,Yellow gold,,Bracelet/strap,Rolex,,Caliber,Case,40 mm,Yellow gold,Fold clasp,,3949,Very good (Worn with little to no signs of wear),Date,Blue,,"Nov 30, 2019 - Dec 12, 2019",Functions,Men's watch/Unisex,Sapphire Glass,7P7B11,"Germany, Köln",,Submariner Date,Automatic,,,Bank transfer,,116618LN,"Original box, original papers",,,2016,Rolex Submariner Gelbgold 116618LN ,44890,https://www.chrono24.com.au/rolex/12933181.htm,,,Others,,,,,
12933180.htm,Available now,Basic Info,,Gold/Steel,,Gold/Steel,,Bracelet/strap,Rolex,,Caliber,Case,40 mm,Gold/Steel,Fold clasp,,3948,Very good (Worn with little to no signs of wear),,Black,,"Nov 30, 2019 - Dec 12, 2019",Functions,Men's watch/Unisex,Sapphire Glass,7P7B09,"Germany, Köln",,Daytona,Automatic,,,Bank transfer,,116503,"No original box, no original papers",,,Unknown,Rolex Daytona Stahl/Gold 116503 ,24657,https://www.chrono24.com.au/rolex/12933180.htm,,Chronograph,Others,,,,,
12933179.htm,Available now,Basic Info,,,,Leather,,Bracelet/strap,Rolex,,Caliber,Case,40 mm,White gold,Fold clasp,,3947,Very good (Worn with little to no signs of wear),,Black,,"Nov 30, 2019 - Dec 12, 2019",Functions,Men's watch/Unisex,Sapphire Glass,7P7AZ4,"Germany, Köln",,Daytona,Automatic,,,Bank transfer,,116519,"Original box, original papers",,,2007,Rolex Daytona Weißgold 116519 ,27947,https://www.chrono24.com.au/rolex/12933179.htm,,Chronograph,Others,,,,,
12933152.htm,Available now,Basic Info,White gold,Steel,,Steel,,Bracelet/strap,Rolex,,Caliber,Case,31 mm,Steel,Fold clasp,Steel,,Very good (Worn with little to no signs of wear),Date,Black,,"Nov 30, 2019 - Dec 12, 2019",Functions,Women's watch,Sapphire Glass,7P7A84,"Italy, ZEVIO",,Lady-Datejust,Automatic,2235,31,Bank transfer,48 h,178274,"Original box, original papers",,10 ATM,2019,Rolex Lady-Datejust ,11152,https://www.chrono24.com.au/rolex/12933152.htm,2235,,,,,,,
12932386.htm,Available now,Basic Info,,Steel,150 mm,Steel,,Bracelet/strap,Rolex,,Caliber,Case,31 mm,Steel,Fold clasp,,181108,Very good (Worn with little to no signs of wear),,Black,,"Nov 30, 2019 - Dec 12, 2019",,,Sapphire Glass,7P6OY4,"Germany, München",,Oyster Perpetual 31,Automatic,,,Bank transfer,,77014,"No original box, no original papers",,,2002,Rolex Oyster Perpetual 31mm Ref. 77014 ,5724,https://www.chrono24.com.au/rolex/12932386.htm,,,,,,,,
12932491.htm,Available now,Basic Info,,,,Leather,,Bracelet/strap,Rolex,,Caliber,Case,34 mm,Steel,Buckle,,10000046678,Very good (Worn with little to no signs of wear),Date,Black,,"Nov 30, 2019 - Dec 12, 2019",Functions,Men's watch/Unisex,Plexiglass,7P6RV1,"Germany, Stuttgart",,Oyster Perpetual Date,Automatic,1570,,Bank transfer,,1500,"Original box, no original papers",11.5 mm,,1972,"Rolex Oyster Perpetual Date Stahl Automatik Armband Leder 34mm Ref.1500 Vintage Bj.1972 Box&Beschreibung mit Zertifikat über 6.800,-€ ",5913,https://www.chrono24.com.au/rolex/12932491.htm,,,Others,,,,,
12932831.htm,Available now,Basic Info,,Steel,,Steel,,Bracelet/strap,Rolex,,Caliber,Case,34 mm,Steel,,,21126,Pre-owned,Date,,,"Nov 26, 2019 - Dec 4, 2019",Functions,,Plexiglass,7P71B9,"Belgium, Bruxelles",,,Automatic,,,Bank transfer,,,"Original papers, no original box",,,1987,Rolex Sate 15000 with Paper ,6168,https://www.chrono24.com.au/rolex/12932831.htm,,,Others,,,,,
12932522.htm,Available now,Basic Info,Steel,Steel,,Steel,,Bracelet/strap,Rolex,,Caliber,Case,31 mm,Steel,Fold clasp,,10000049578,"Unworn (Mint condition, without signs of wear)",,,Roman numerals,"Nov 30, 2019 - Dec 12, 2019",,Men's watch/Unisex,Sapphire Glass,7P6SQ6,"Germany, Stuttgart",,Oyster Perpetual 31,Automatic,2231,,Bank transfer,,177200,"Original box, original papers",10.5 mm,10 ATM,2019,"Rolex Oyster Perpetual Medium Stahl Automatik 31mm Ref.177200 Box&Pap. LC EU Full Set Ungetragen mit Zertifikat über 4.500,- € ",7402,https://www.chrono24.com.au/rolex/12932522.htm,,,Others,,,,,
12932859.htm,Available now,Basic Info,Steel,Steel,,Steel,,Bracelet/strap,Rolex,,Caliber,Case,36 x 43 mm,Steel,Fold clasp,Steel,,Very good (Worn with little to no signs of wear),,Black,Arabic numerals,"Nov 30, 2019 - Dec 12, 2019",,Men's watch/Unisex,Sapphire Glass,7P7231,"Germany, Norderstedt",,Explorer,Automatic,3000,27,Bank transfer,42 h,14270,"Original box, no original papers",11 mm,10 ATM,1997,Rolex Explorer I Ref: 14270 mit Rolex Box von 1997 - Revision 2019 ,7894,https://www.chrono24.com.au/rolex/12932859.htm,,,Others,,,,28.800 A/h,
12933249.htm,Available now,Basic Info,White gold,Steel,170 mm,Steel,2 mm,Bracelet/strap,Rolex,14 mm,Caliber,Case,34 mm,Steel,Fold clasp,Steel,4328,Very good (Worn with little to no signs of wear),Date,Blue,No numerals,"Nov 26, 2019 - Dec 4, 2019",Functions,Men's watch/Unisex,Sapphire Glass,7P7CX9,"Spain, Barcelona",18 mm  Size guide,Oyster Perpetual Date,Automatic,3135,31,Bank transfer,48 h,115234,"No original box, no original papers",12 mm,10 ATM,2010 (Approximation),Rolex Oyster Perpetual Date Automatic Steel 115234 ,7895,https://www.chrono24.com.au/rolex/12933249.htm,,,,,,,,
12933207.htm,Available now,Basic Info,Steel,Steel,,Steel,,Bracelet/strap,Rolex,,Caliber,Case,36 mm,Steel,Fold clasp,Steel,,Very good (Worn with little to no signs of wear),,Black,,"Nov 30, 2019 - Dec 12, 2019",,Men's watch/Unisex,Sapphire Glass,7P7BR3,"Italy, Roma",,Explorer,Automatic,,,Bank transfer,,114270,"Original box, original papers",,,2004,Rolex Explorer Box/Paper ,7895,https://www.chrono24.com.au/rolex/12933207.htm,,,,,,,,
12932310.htm,Available now,Basic Info,Steel,Steel,,Steel,,Bracelet/strap,Rolex,,Caliber,Case,40 mm,Steel,Fold clasp,Steel,,"New (Brand new, without any signs of wear)",,Black,Arabic numerals,"Nov 16, 2019 - Nov 25, 2019",,Men's watch/Unisex,Sapphire Glass,7P6MU1,"United States of America, California, Los Angeles",,Air King,Automatic,3131,31,Bank transfer,48 h,116900,"Original box, original papers",,10 ATM,2018,Rolex Air King 40mm Black Green Hand  FULL SET ,10155,https://www.chrono24.com.au/rolex/12932310.htm,,,,,,,,
12932981.htm,Available now,Basic Info,Yellow gold,Gold/Steel,,Gold/Steel,,Bracelet/strap,Rolex,11 mm,Caliber,Case,26 mm,Gold/Steel,Fold clasp,Gold/Steel,80804330,Very good (Worn with little to no signs of wear),Date,Champagne,Roman numerals,"Nov 30, 2019 - Dec 12, 2019",Functions,Women's watch,Sapphire Glass,7P75H8,"Germany, Koblenz",13 mm  Size guide,Lady-Datejust,Automatic,2235,31,Bank transfer,,179163,"No original box, no original papers",11 mm,,2005 (Approximation),Rolex Lady-Datejust ,8060,https://www.chrono24.com.au/rolex/12932981.htm,,,Others,,,,,
12932966.htm,Available now,Basic Info,,Gold,,Rose gold,,Bracelet/strap,Rolex,,Caliber,Case,40 mm,Rose gold,Fold clasp,Rose Gold,,"New (Brand new, without any signs of wear)",,Black,No numerals,"Nov 30, 2019 - Dec 12, 2019",Functions,Men's watch/Unisex,Sapphire Glass,7P7522,"Turkey, Istanbul",,GMT-Master II,Automatic,,,,,126715,"Original box, original papers",,10 ATM,2019,Rolex GMT-Master II ,55300,https://www.chrono24.com.au/rolex/12932966.htm,,,,,,"Date, GMT",,
12932424.htm,Available now,Basic Info,,Silver,,,,Bracelet/strap,Rolex,,Caliber,Case,41 mm,Steel,,,2.405E+12,Good (Light signs of wear or scratches),,,,"Nov 30, 2019 - Dec 12, 2019",,Men's watch/Unisex,,7P6Q06,"Japan, 大阪市中央区",,Datejust,Automatic,,,Bank transfer,,126300,"Original box, original papers",12 mm,,Unknown,Rolex ロレックス ROLEX デイトジャスト41 126300 ランダム番 自動巻 ダークロジウム メンズ 腕時計 ,11026,https://www.chrono24.com.au/rolex/12932424.htm,,,,,,,,
12932912.htm,Available now,Basic Info,Yellow gold,Gold,,Yellow gold,,Bracelet/strap,Rolex,,Caliber,Case,36 mm,Yellow gold,,Yellow gold,,"New (Brand new, without any signs of wear)",,Green,,"Nov 30, 2019 - Dec 12, 2019",,Men's watch/Unisex,Sapphire Glass,7P73K9,"Turkey, Istanbul",,Day-Date 36,Automatic,,,,,128238,"Original box, original papers",,10 ATM,2019,Rolex Day-Date 36 ,52638,https://www.chrono24.com.au/rolex/12932912.htm,,,,,,,,
12932853.htm,Available now,Basic Info,,Steel,,Steel,,Bracelet/strap,Rolex,,Caliber,Case,40 mm,Steel,,,FM10967,Very good (Worn with little to no signs of wear),Date,Black,,"Nov 16, 2019 - Nov 25, 2019",Functions,Men's watch/Unisex,Sapphire Glass,7P71X9,"Germany, Teuschnitz",,Sea-Dweller 4000,Automatic,,,Bank transfer,,16600,"Original box, no original papers",15 mm,Over 120 ATM,Unknown,Rolex Oyster Perpetual Date Sea-Dweller Ref.16600 ,11842,https://www.chrono24.com.au/rolex/12932853.htm,,,Others,,,,,
12932866.htm,Available now,Basic Info,Yellow gold,Gold/Steel,,Gold/Steel,,Bracelet/strap,Rolex,16 mm,Caliber,Case,40 mm,Gold/Steel,Fold clasp,Steel,853464,Very good (Worn with little to no signs of wear),,Blue,No numerals,"Nov 30, 2019 - Dec 12, 2019",Functions,Men's watch/Unisex,Sapphire Glass,7P72A8,"Germany, Koblenz",20 mm  Size guide,Submariner Date,Automatic,3135,31,Bank transfer,48 h,16613,"No original box, no original papers",13 mm,30 ATM,1989 (Approximation),Rolex Submariner Date ,11021,https://www.chrono24.com.au/rolex/12932866.htm,cal. 3135,,Others,,"Date, Tachymeter",,,
12933006.htm,Available now,Basic Info,Yellow gold,Gold/Steel,,Gold/Steel,,Bracelet/strap,Rolex,16 mm,Caliber,Case,40 mm,Steel,Fold clasp,Steel,82751686,Very good (Worn with little to no signs of wear),,Black,No numerals,"Nov 30, 2019 - Dec 12, 2019",Functions,Men's watch/Unisex,Sapphire Glass,7P7663,"Germany, Koblenz",20 mm  Size guide,Submariner Date,Automatic,3135,31,Bank transfer,48 h,16613,"No original box, no original papers",13 mm,30 ATM,1991 (Approximation),Rolex Submariner Date ,11843,https://www.chrono24.com.au/rolex/12933006.htm,cal. 3135,,Others,,"Date, Tachymeter",,,
12932717.htm,Available now,Basic Info,,,,,,,Rolex,,Caliber,Case,,Steel,,,27538,Very good (Worn with little to no signs of wear),Date,,,"Nov 16, 2019 - Nov 25, 2019",Functions,Men's watch/Unisex,Sapphire Glass,7P6Y51,"Germany, München",,Explorer II,Automatic,3187,,Bank transfer,,216570,"Original box, original papers",,,2013,Rolex Explorer Ref. 216570 ,12583,https://www.chrono24.com.au/rolex/12932717.htm,,,Others,,,,,
12932843.htm,Available now,Basic Info,Rose gold,Brown,,Crocodile skin,,Bracelet/strap,Rolex,,Caliber,Case,42 mm,Red gold,Fold clasp,Rose Gold,,"New (Brand new, without any signs of wear)",Date,Brown,Arabic numerals,"Nov 30, 2019 - Dec 12, 2019",Functions,Men's watch/Unisex,Sapphire Glass,7P71N6,"Turkey, Istanbul",,Sky-Dweller,Automatic,9001,40,,72 h,326135,"Original box, original papers",,10 ATM,2019,Rolex Sky-Dweller ,54283,https://www.chrono24.com.au/rolex/12932843.htm,,,,,,,,
12932999.htm,Available now,Basic Info,White gold,Steel,,Steel,,Bracelet/strap,Rolex,,Caliber,Case,36 mm,Steel,Fold clasp,Steel,,Very good (Worn with little to no signs of wear),Date,Blue,,"Nov 30, 2019 - Dec 12, 2019",Functions,Men's watch/Unisex,Sapphire Glass,7P75Z7,"Italy, ZEVIO",,Datejust,Automatic,3135,31,Bank transfer,48 h,116234,"Original box, original papers",,10 ATM,2013,Rolex Datejust ,12814,https://www.chrono24.com.au/rolex/12932999.htm,"3135, Manufacture Rolex",,,,,,,
12932516.htm,Available now,Basic Info,,Steel,,Steel,,Bracelet/strap,Rolex,,Caliber,Case,40 mm,Steel,Fold clasp,,10000046465,Very good (Worn with little to no signs of wear),Date,,,"Nov 30, 2019 - Dec 12, 2019",Functions,Men's watch/Unisex,Sapphire Glass,7P6SK1,"Germany, Stuttgart",,Yacht-Master 40,Automatic,3135,31,Bank transfer,,16622,"Original box, no original papers",11.7 mm,,1999,"Rolex Yacht-Master Stahl Platin Automatik 40mm Ref.16622 Vintage Bj.1999 Box&Beschreibung mit Zertifikat über 11.000,-€ ",12958,https://www.chrono24.com.au/rolex/12932516.htm,,,Others,,,,,
12932902.htm,Available now,Basic Info,White gold,Steel,,Steel,,Bracelet/strap,Rolex,16 mm,Caliber,Case,41 mm,Steel,Fold clasp,Steel,86848352,Very good (Worn with little to no signs of wear),Date,Black,No numerals,"Nov 30, 2019 - Dec 12, 2019",Functions,Men's watch/Unisex,Sapphire Glass,7P73A6,"Germany, Koblenz",21 mm  Size guide,Datejust II,Automatic,,,Bank transfer,,116334,"Original papers, no original box",13 mm,,2013,Rolex Datejust II LC100 ,12995,https://www.chrono24.com.au/rolex/12932902.htm,,,Others,,,,,
12932637.htm,Available now,Basic Info,Steel,Steel,,Steel,,Bracelet/strap,Rolex,,Caliber,Case,40 mm,Steel,Fold clasp,Steel,,Very good (Worn with little to no signs of wear),,Black,No numerals,"Nov 30, 2019 - Dec 12, 2019",Functions,Men's watch/Unisex,Sapphire Glass,7P6VX3,"Italy, Milano",,GMT-Master II,Automatic,3185,31,Bank transfer,48 h,16710,"No original box, no original papers",,10 ATM,2001,Rolex GMT-Master II ,13982,https://www.chrono24.com.au/rolex/12932637.htm,Rolex 3185,,,,,"Date, GMT",,
12932730.htm,Available now,Basic Info,Steel,Steel,,Steel,,Bracelet/strap,Rolex,,Caliber,Case,40 mm,Steel,Fold clasp,Steel,,Very good (Worn with little to no signs of wear),Date,Black,No numerals,"Nov 30, 2019 - Dec 12, 2019",Functions,Men's watch/Unisex,Sapphire Glass,7P6YI3,"France, Strasbourg",,Sea-Dweller 4000,Automatic,3135,31,Bank transfer,48 h,16600,"Original box, original papers",,,2002,Rolex Sea-Dweller ,15298,https://www.chrono24.com.au/rolex/12932730.htm,,,,,,,,
12932737.htm,Available now,Basic Info,,,,Gold/Steel,,Bracelet/strap,Rolex,,Caliber,Case,40.5 mm,Gold/Steel,,,,Very good (Worn with little to no signs of wear),,,,"Nov 26, 2019 - Dec 4, 2019",,Men's watch/Unisex,,7P6YP7,"Switzerland, Geneva",,GMT-Master II,Automatic,,,Bank transfer,,16713,"Original box, original papers",,,1997,Rolex GMT Master II Tiger Eye ,20384,https://www.chrono24.com.au/rolex/12932737.htm,,,,,,,,
12933042.htm,Available now,Basic Info,Ceramic,Steel,,Steel,,Bracelet/strap,Rolex,,Caliber,Case,40 mm,Steel,Fold clasp,Steel,G756,Very good (Worn with little to no signs of wear),Date,Black,No numerals,"Nov 26, 2019 - Dec 4, 2019",Functions,Men's watch/Unisex,Sapphire Glass,7P7767,"Singapore, Singapore",,Submariner Date,Automatic,3135,31,Bank transfer,48 h,116610LN,"Original box, original papers",,30 ATM,2011,Rolex Submariner Ceramic in Stainless Steel Ref: 116610LN ,15303,https://www.chrono24.com.au/rolex/12933042.htm,cal. 3135,,,,,,,
12932728.htm,Available now,Basic Info,Yellow gold,Gold/Steel,,Gold/Steel,,Bracelet/strap,Rolex,,Caliber,Case,36 mm,Gold/Steel,Fold clasp,Steel,,Very good (Worn with little to no signs of wear),Date,Gold,No numerals,"Nov 16, 2019 - Nov 25, 2019",Functions,Men's watch/Unisex,Plexiglass,7P6YG6,"Malaysia, Kuala Lumpur",,Datejust,Automatic,3035,27,,42 h,16013,"No original box, no original papers",,10 ATM,Unknown,Rolex Datejust 36mm Watch Only ,5577,https://www.chrono24.com.au/rolex/12932728.htm,Cal. 3035,,,,,,,
12932988.htm,Available now,Basic Info,Ceramic,Steel,,Steel,,Bracelet/strap,Rolex,,Caliber,Case,40 mm,Steel,Fold clasp,Steel,G640,Very good (Worn with little to no signs of wear),Date,Black,No numerals,"Nov 26, 2019 - Dec 4, 2019",Functions,Men's watch/Unisex,Sapphire Glass,7P75O2,"Singapore, Singapore",,Submariner Date,Automatic,3135,31,Bank transfer,48 h,116610LN,"Original box, original papers",,30 ATM,2011,Rolex Submariner Date ,15303,https://www.chrono24.com.au/rolex/12932988.htm,cal. 3135,,,,,,,
12932724.htm,Available now,Basic Info,Yellow gold,Gold/Steel,,Gold/Steel,,Bracelet/strap,Rolex,16 mm,Caliber,Case,40 mm,Gold/Steel,Fold clasp,Gold/Steel,87403409,Very good (Worn with little to no signs of wear),,Black,No numerals,"Nov 30, 2019 - Dec 12, 2019",Functions,Men's watch/Unisex,Sapphire Glass,7P6YC8,"Germany, Koblenz",20 mm  Size guide,Daytona,Automatic,4130,44,Bank transfer,72 h,116523,"No original box, no original papers",12 mm,,2005 (Approximation),Rolex Daytona ,19574,https://www.chrono24.com.au/rolex/12932724.htm,cal. 4130,Chronograph,Others,,,,,
12932721.htm,Available now,Basic Info,,,,,,Bracelet/strap,Rolex,,Caliber,Case,40 mm,Steel,Fold clasp,,27554,Very good (Worn with little to no signs of wear),Date,,,"Nov 16, 2019 - Nov 25, 2019",Functions,Men's watch/Unisex,Sapphire Glass,7P6Y92,"Germany, München",,Sea-Dweller 4000,Automatic,3135,,Bank transfer,,16600,"Original box, original papers",,,2008,Rolex Sea Dweller Ref. 16600 ,15462,https://www.chrono24.com.au/rolex/12932721.htm,,,Others,,,,,
12933019.htm,Available now,Basic Info,Ceramic,Steel,,Steel,,Bracelet/strap,Rolex,,Caliber,Case,40 mm,Steel,Fold clasp,Steel,R-5596,Very good (Worn with little to no signs of wear),Date,Black,No numerals,"Nov 30, 2019 - Dec 12, 2019",Functions,,Sapphire Glass,7P76J2,"Germany, Köln",,Submariner Date,Automatic,,,Bank transfer,,116610LN LC100,"Original box, original papers",,,2018,Rolex Oyster Perpetual Submariner Date Ref. 116610LN LC100 ,16860,https://www.chrono24.com.au/rolex/12933019.htm,,,Others,,,,,
12932580.htm,Available now,Basic Info,Steel,Steel,,Steel,,Bracelet/strap,Rolex,,Caliber,Case,40 mm,Steel,Fold clasp,Steel,,Very good (Worn with little to no signs of wear),Date,Black,No numerals,"Nov 16, 2019 - Nov 25, 2019",Functions,Men's watch/Unisex,Sapphire Glass,7P6UC0,"Malaysia, Kuala Lumpur",,Submariner Date,Automatic,3135,31,,48 h,16610LV,"No original box, no original papers",,30 ATM,Unknown,Rolex Submariner Date Kermit Y series ,17992,https://www.chrono24.com.au/rolex/12932580.htm,cal. 3135,,,,,,,
12932716.htm,Available now,Basic Info,,,,,,,Rolex,,Caliber,Case,,,,,27485,Very good (Worn with little to no signs of wear),Date,,,"Nov 16, 2019 - Nov 25, 2019",Functions,Men's watch/Unisex,Plexiglass,7P6Y49,"Germany, München",,Datejust,Automatic,,,Bank transfer,,1601,"Original box, original papers",,,1975,Rolex Datejust Ref. 1601 ,,https://www.chrono24.com.au/rolex/12932716.htm,,,Others,,,,,
12932271.htm,Available now,Basic Info,Platinum,Steel,,Steel,,Bracelet/strap,Rolex,,Caliber,Case,40 mm,Steel,Fold clasp,Steel,,"New (Brand new, without any signs of wear)",Date,Blue,No numerals,"Nov 30, 2019 - Dec 12, 2019",Functions,Men's watch/Unisex,Sapphire Glass,7P6LR7,"Spain, Barcelona",,Yacht-Master 40,Automatic,3135,31,Bank transfer,48 h,116622,"Original box, original papers",,10 ATM,2019,Rolex Yacht-Master 40 blue dial ,18423,https://www.chrono24.com.au/rolex/12932271.htm,,,,,,,,
12932703.htm,Available now,Basic Info,Yellow gold,Gold,,Crocodile skin,,Bracelet/strap,Rolex,,Caliber,Case,40 mm,Yellow gold,Fold clasp,Yellow gold,,Very good (Worn with little to no signs of wear),Date,Blue,No numerals,"Nov 30, 2019 - Dec 12, 2019",Functions,Men's watch/Unisex,Sapphire Glass,7P6XR0,"Italy, Milano",,Submariner Date,Automatic,3135,31,Bank transfer,48 h,16618,"No original box, no original papers",,30 ATM,1990 (Approximation),Rolex Submariner Date ,24838,https://www.chrono24.com.au/rolex/12932703.htm,,,,,,,,
12932391.htm,Available now,Basic Info,,Steel,200 mm,Steel,,Bracelet/strap,Rolex,,Caliber,Case,44 mm,Steel,Fold clasp,,195155,"Unworn (Mint condition, without signs of wear)",Date,Black,,"Nov 30, 2019 - Dec 12, 2019",Functions,,Sapphire Glass,7P6P37,"Germany, München",,Sea-Dweller 4000,Automatic,,,Bank transfer,,116600,"Original box, original papers",,,2019,Rolex Sea-Dweller Deepsea Ref. 116600 ,18719,https://www.chrono24.com.au/rolex/12932391.htm,,,,,,,,
12932693.htm,Available now,Basic Info,,,,Crocodile skin,,Bracelet/strap,Rolex,,Caliber,Case,,Yellow gold,,,,Very good (Worn with little to no signs of wear),,,,"Nov 30, 2019 - Dec 12, 2019",,Men's watch/Unisex,,7P6XH3,"Italy, Milano",,Air King Precision,Automatic,,,Bank transfer,,5500,"No original box, no original papers",,,1964,Rolex Air King 9 carati Blu ,6497,https://www.chrono24.com.au/rolex/12932693.htm,,,,,,,,
12932679.htm,Available now,Basic Info,Yellow gold,,,Crocodile skin,,Bracelet/strap,Rolex,,Caliber,Case,36 mm,White gold,Buckle,Yellow gold,,Very good (Worn with little to no signs of wear),Date,Silver,No numerals,"Nov 30, 2019 - Dec 12, 2019",Functions,Men's watch/Unisex,Plexiglass,7P6X39,"Italy, Milano",,Day-Date 36,Automatic,1556,26,Bank transfer,48 h,1803,"No original box, no original papers",,10 ATM,1976,Rolex Day-Date 36 18k white gold rare ,15133,https://www.chrono24.com.au/rolex/12932679.htm,,,,,,,,
12932665.htm,Available now,Basic Info,Yellow gold,Brown,,Crocodile skin,,Bracelet/strap,Rolex,,Caliber,Case,40 mm,Yellow gold,Fold clasp,Yellow gold,,Very good (Worn with little to no signs of wear),,White,Arabic numerals,"Nov 30, 2019 - Dec 12, 2019",Functions,Men's watch/Unisex,Sapphire Glass,7P6WP8,"Italy, Milano",,Daytona,Automatic,4030,31,Bank transfer,72 h,16518,"Original box, original papers",,10 ATM,1993,Rolex Daytona Zenith Box Papers ,31089,https://www.chrono24.com.au/rolex/12932665.htm,,Chronograph,,,,,,
12932440.htm,Available now,Basic Info,,Silver,190 mm,,,Bracelet/strap,Rolex,,Caliber,Case,40 mm,Steel,,,2.40501E+12,Good (Light signs of wear or scratches),,Black,,"Nov 30, 2019 - Dec 12, 2019",Functions,Men's watch/Unisex,,7P6QG4,"Japan, 大阪市中央区",,GMT-Master II,Automatic,,,Bank transfer,,116710LN,"Original papers, no original box",14 mm,,Unknown,Rolex ロレックス ROLEX GMTマスター2 116710LN ランダム 自動巻 メンズ 腕時計 ウォッチ オートマチック 黒 ブラック ,18894,https://www.chrono24.com.au/rolex/12932440.htm,,,,,,,,GMT
12932640.htm,Available now,Basic Info,Yellow gold,Gold/Steel,,Gold/Steel,,Bracelet/strap,Rolex,,Caliber,Case,36 mm,Gold/Steel,Fold clasp,Gold/Steel,,"New (Brand new, without any signs of wear)",Date,Green,,"Nov 30, 2019 - Dec 12, 2019",Functions,Men's watch/Unisex,Sapphire Glass,7P6W02,"Spain, Barcelona",,Datejust,Automatic,3235,31,Bank transfer,70 h,126233,"Original box, original papers",,10 ATM,2019,Rolex Datejust green dial diamonds ,17929,https://www.chrono24.com.au/rolex/12932640.htm,,,,,,,,
12932725.htm,Available now,Basic Info,Ceramic,Gold/Steel,,Gold/Steel,,Bracelet/strap,Rolex,,Caliber,Case,40 mm,Steel,Fold clasp,Gold/Steel,,"New (Brand new, without any signs of wear)",Date,Black,No numerals,"Nov 30, 2019 - Dec 12, 2019",Functions,Men's watch/Unisex,Sapphire Glass,7P6YD0,"Turkey, Istanbul",,Submariner Date,Automatic,3135,31,,48 h,116613LN,"Original box, original papers",,30 ATM,2019,Rolex Submariner Date ,20177,https://www.chrono24.com.au/rolex/12932725.htm,,,,,,,,
12932714.htm,Available now,Basic Info,Steel,Steel,,Steel,,Bracelet/strap,Rolex,,Caliber,Case,40 mm,Steel,Fold clasp,Steel,,Very good (Worn with little to no signs of wear),,Black,No numerals,"Nov 30, 2019 - Dec 12, 2019",Functions,Men's watch/Unisex,Sapphire Glass,7P6Y25,"France, Strasbourg",,GMT-Master II,Automatic,,,Bank transfer,,16710,"Original box, original papers",,10 ATM,2002,Rolex GMT-Master II ,20545,https://www.chrono24.com.au/rolex/12932714.htm,,,Others,,,"Date, GMT",,
12932589.htm,Available now,Basic Info,Rose gold,Gold/Steel,,Gold/Steel,,Bracelet/strap,Rolex,,Caliber,Case,36 mm,Gold/Steel,Fold clasp,Gold/Steel,,"New (Brand new, without any signs of wear)",Date,Gold,,"Nov 30, 2019 - Dec 12, 2019",Functions,Men's watch/Unisex,Sapphire Glass,7P6UL8,"Spain, Barcelona",,Datejust,Automatic,3135,31,Bank transfer,48 h,116231,"Original box, original papers",,10 ATM,2019,Rolex Datejust 10 diamonds ,17189,https://www.chrono24.com.au/rolex/12932589.htm,"3135, Manufacture Rolex",,,,,,,
12932579.htm,Available now,Basic Info,,Steel,,Steel,,Bracelet/strap,Rolex,,Caliber,Case,,Steel,Fold clasp,Steel,,"New (Brand new, without any signs of wear)",,,,"Nov 30, 2019 - Dec 12, 2019",,Men's watch/Unisex,,7P6UB5,"Hong Kong, Kowloon",40 mm  Size guide,GMT-Master II,Automatic,,,Bank transfer,,116710BLNR,"Original box, original papers",,,2019,Rolex 116710BLNR ,21906,https://www.chrono24.com.au/rolex/12932579.htm,,,,,,,,
12932592.htm,Available now,Basic Info,Ceramic,Steel,,Steel,,Bracelet/strap,Rolex,,Caliber,Case,40 mm,Steel,Fold clasp,Steel,,"New (Brand new, without any signs of wear)",Date,Black,No numerals,"Nov 30, 2019 - Dec 12, 2019",Functions,Men's watch/Unisex,Sapphire Glass,7P6UO7,"Hong Kong, Kowloon",,GMT-Master II,Automatic,3285,31,Bank transfer,70 h,126710BLNR,"Original box, original papers",,10 ATM,2019,Rolex GMT-Master II ,21944,https://www.chrono24.com.au/rolex/12932592.htm,,,,,,,,
12932587.htm,Available now,Basic Info,Ceramic,Steel,,Steel,,Bracelet/strap,Rolex,,Caliber,Case,40 mm,Steel,Fold clasp,Steel,,"New (Brand new, without any signs of wear)",Date,Black,No numerals,"Nov 30, 2019 - Dec 12, 2019",Functions,Men's watch/Unisex,Sapphire Glass,7P6UJ4,"Hong Kong, Kowloon",,GMT-Master II,Automatic,3285,31,Bank transfer,70 h,126710BLNR,"Original box, original papers",,10 ATM,2019,Rolex GMT-Master II ,21944,https://www.chrono24.com.au/rolex/12932587.htm,,,,,,,,
12932566.htm,Available now,Basic Info,,Gold/Steel,,Gold/Steel,,Bracelet/strap,Rolex,,Caliber,Case,44 mm,Gold/Steel,Fold clasp,Gold/Steel,,"New (Brand new, without any signs of wear)",,White,No numerals,"Nov 30, 2019 - Dec 12, 2019",,Men's watch/Unisex,Sapphire Glass,7P6TY6,"Spain, Barcelona",,Yacht-Master II,Automatic,4161,42,Bank transfer,72 h,116681,"Original box, original papers",,10 ATM,2019,Rolex Yacht-Master II ,35695,https://www.chrono24.com.au/rolex/12932566.htm,,,,,,,,
12932548.htm,Available now,Basic Info,Yellow gold,Gold/Steel,,Gold/Steel,,Bracelet/strap,Rolex,,Caliber,Case,36 mm,Gold/Steel,Fold clasp,,10000049067,Very good (Worn with little to no signs of wear),Date,Champagne,,"Nov 30, 2019 - Dec 12, 2019",Functions,Men's watch/Unisex,Sapphire Glass,7P6TG4,"Germany, Stuttgart",,Datejust,Automatic,3135,,Bank transfer,,16233,"Original box, no original papers",11.8 mm,,1998,"Rolex Datejust no Hole Stahl Gelbgold Automatik Armband Jubilé 36mm Ref.16233 Vintage Bj.1998 BoxBeschreibung wie Neu mit Zertifikat über 9.300,-€ ",10017,https://www.chrono24.com.au/rolex/12932548.htm,,,Others,,,,,
12932519.htm,Available now,Basic Info,Steel,Steel,,Steel,,Bracelet/strap,Rolex,,Caliber,Case,40 mm,Steel,Fold clasp,,10000049557,Very good (Worn with little to no signs of wear),Date,Black,,"Nov 30, 2019 - Dec 12, 2019",Functions,Men's watch/Unisex,Sapphire Glass,7P6SN7,"Germany, Stuttgart",,Sea-Dweller 4000,Automatic,3135,,Bank transfer,,116600,"Original box, original papers",15 mm,,2016,"Rolex Sea-Dweller 4000 Stahl Keramik Automatik 40mm Ref.116600 Vintage Bj.2016 Box&Service Pap. wie Neu mit Zertifikat über 15.500,-€ ",22929,https://www.chrono24.com.au/rolex/12932519.htm,,,Others,,,,,
12932521.htm,Available now,Basic Info,Steel,Steel,,Steel,,Bracelet/strap,Rolex,,Caliber,Case,40 mm,Steel,Fold clasp,Steel,10000049558,Very good (Worn with little to no signs of wear),,Black,,"Nov 30, 2019 - Dec 12, 2019",Functions,Men's watch/Unisex,Sapphire Glass,7P6SP4,"Germany, Stuttgart",,GMT-Master II,Automatic,,,Bank transfer,,16710T,"Original box, original papers",12 mm,,2005,Rolex GMT Master II rot blau Pepsi no Hole Stahl Automatik Armband Oyster 40mm Ref.16710T Vintage Bj.2005 Box&Pap. LC EU Full Set mit Zertifikat über,23850,https://www.chrono24.com.au/rolex/12932521.htm,,,Others,,,"Date, GMT",,
12932990.htm,Available now,Basic Info,Ceramic,Steel,,Steel,,Bracelet/strap,Rolex,,Caliber,Case,40 mm,Steel,Fold clasp,Steel,2238-CA,Very good (Worn with little to no signs of wear),Date,Green,No numerals,"Nov 30, 2019 - Dec 12, 2019",Functions,Men's watch/Unisex,Sapphire Glass,7P75Q9,"Spain, Marbella",,Submariner Date,Automatic,3135,31,Bank transfer,48 h,116610LV,"Original box, original papers",,30 ATM,2014,Rolex Submariner Date 116610LV ,23851,https://www.chrono24.com.au/rolex/12932990.htm,cal. 3135,,,,,,,
12932495.htm,Available now,Basic Info,Steel,Black,,Leather,,Bracelet/strap,Rolex,,Caliber,Case,40 mm,White gold,Fold clasp,White Gold,10000040955,Very good (Worn with little to no signs of wear),,Mother of pearl,Arabic numerals,"Nov 30, 2019 - Dec 12, 2019",Functions,Men's watch/Unisex,Sapphire Glass,7P6RZ9,"Germany, Stuttgart",19 mm  Size guide,Daytona,Automatic,4030,,Bank transfer,,16519,"Original box, no original papers",12.5 mm,,1997,Rolex Daytona Zenith 18kt Weißgold Perlmutt Automatik Chronograph Armband Leder 40mm Ref.16519 Vintage Bj.1997 Box&Beschreibung wie Neu mit Zertifika,32897,https://www.chrono24.com.au/rolex/12932495.htm,,,Others,"Chronograph, Tachymeter",,,,
12932499.htm,Available now,Basic Info,Steel,Steel,,Steel,,Bracelet/strap,Rolex,,Caliber,Case,40 mm,Steel,Fold clasp,,10000048923,Good (Light signs of wear or scratches),,Black,,"Nov 30, 2019 - Dec 12, 2019",Functions,Men's watch/Unisex,Plexiglass,7P6S37,"Germany, Stuttgart",,GMT-Master,Automatic,3075,,Bank transfer,,16750,"Original box, no original papers",11.8 mm,,1981,Rolex GMT Master rot blau Pepsi Matte Dial Mark II Stahl Automatik Armband Oyster 40mm open 6/9 Ref.16750 Vintage Bj.1981 Box&Beschreibung mit Zertif,24672,https://www.chrono24.com.au/rolex/12932499.htm,,,Others,,,"Date, GMT",,
12932507.htm,,Basic Info,,Gold/Steel,,Gold/Steel,,Bracelet/strap,Rolex,,Caliber,Case,40 mm,Gold/Steel,Fold clasp,,10000048310,Very good (Worn with little to no signs of wear),Date,Black,,,Functions,Men's watch/Unisex,Sapphire Glass,7P6SB0,"Germany, Stuttgart",,Submariner Date,Automatic,3135,,Bank transfer,,16613T,"Original box, original papers",12.5 mm,,2006,"Rolex Submariner Date no Hole Stahl Gelbgold Automatik 40mm Ref.16613T Vintage Bj.2006 Box&Pap. LC EU Full Set mit Zertifikat über 12.250,-€ ",16943,https://www.chrono24.com.au/rolex/12932507.htm,,,Others,,,,28.800 A/h,
12933063.htm,Available now,Basic Info,Steel,Steel,,Steel,,Bracelet/strap,Rolex,,Caliber,Case,40 mm,Steel,Fold clasp,Steel,,Very good (Worn with little to no signs of wear),,Black,No numerals,"Nov 30, 2019 - Dec 12, 2019",,Men's watch/Unisex,Plexiglass,7P77R5,"Italy, Isola della Scala",,Submariner (No Date),Automatic,1520,26,Bank transfer,48 h,5513,"Original box, original papers",,20 ATM,1987,Rolex Submariner (No Date) Very Rare serial. R. sold 1989 ,25990,https://www.chrono24.com.au/rolex/12933063.htm,,,,,,,,
12932720.htm,Available now,Basic Info,,,,,,,Rolex,,Caliber,Case,,Steel,,,27575,Very good (Worn with little to no signs of wear),,,,"Nov 16, 2019 - Nov 25, 2019",Functions,Men's watch/Unisex,Sapphire Glass,7P6Y80,"Germany, München",,Daytona,Automatic,4130,,Bank transfer,,116520,"Original box, original papers",,,2008,Rolex Daytona Cosmograph Ref. 116520 ,29280,https://www.chrono24.com.au/rolex/12932720.htm,,Chronograph,Others,,,,,
12932493.htm,Available now,Basic Info,,Gold/Steel,,Steel,,Bracelet/strap,Rolex,,Caliber,Case,34 mm,Gold/Steel,Fold clasp,,10000046645,Very good (Worn with little to no signs of wear),,Champagne,,"Nov 30, 2019 - Dec 12, 2019",,Men's watch/Unisex,Plexiglass,7P6RX5,"Germany, Stuttgart",,Oyster Perpetual 34,Automatic,1030,,Bank transfer,,6564,"Original box, no original papers",11 mm,,1961,"Rolex Oyster Perpetual Stahl Gelbgold Automatik Armband Oyster 34mm Ref.6564 Vintage Bj.1961 Box&Beschreibung mit Zertifikat über 7.500,-€ ",6479,https://www.chrono24.com.au/rolex/12932493.htm,,,Others,,,,,
12932534.htm,Available now,Basic Info,Steel,Steel,,Steel,,Bracelet/strap,Rolex,,Caliber,Case,40 mm,Steel,Fold clasp,Steel,10000048951,Very good (Worn with little to no signs of wear),,Black,,"Nov 30, 2019 - Dec 12, 2019",Functions,Men's watch/Unisex,Sapphire Glass,7P6T23,"Germany, Stuttgart",,Daytona,Automatic,4130,,Bank transfer,,116520,"Original box, no original papers",12.3 mm,,2005,"Rolex Daytona Stahl Automatik Chronograph Armband Oyster 40mm Ref.116520 Vintage Bj.2005 Box&Beschreibung mit Zertifikat über 22.500,-€ ",31903,https://www.chrono24.com.au/rolex/12932534.htm,,,Others,"Chronograph, Tachymeter",,,,
12932490.htm,Available now,Basic Info,,Gold/Steel,,Gold/Steel,,Bracelet/strap,Rolex,,Caliber,Case,36 mm,Gold/Steel,Fold clasp,,10000047521,"Unworn (Mint condition, without signs of wear)",Date,Mother of pearl,Roman numerals,"Nov 30, 2019 - Dec 12, 2019",Functions,Men's watch/Unisex,Sapphire Glass,7P6RU9,"Germany, Stuttgart",,Datejust,Automatic,3135,,Bank transfer,,116243,"Original box, original papers",11.8 mm,10 ATM,Unknown,Rolex Datejust Stahl Gelbgold Diamanten Perlmutt Automatik Armband Jubilé 36mm Ref.116243 Vintage Box&Pap. LC 100 Full Set Ungetragen verklebt mit Ze,29574,https://www.chrono24.com.au/rolex/12932490.htm,,,Others,,,,,
12932488.htm,Available now,Basic Info,Rose gold,Gold/Steel,,Gold/Steel,,Bracelet/strap,Rolex,,Caliber,Case,40 mm,Gold/Steel,Fold clasp,Gold/Steel,5796939,"Unworn (Mint condition, without signs of wear)",Date,Brown,No numerals,"Nov 16, 2019 - Nov 25, 2019",Functions,Men's watch/Unisex,Sapphire Glass,7P6RS2,"Japan, Osaka / Tokyo / Kobe / Nagoya",,Yacht-Master 40,Automatic,3135,31,Bank transfer,48 h,116621,"Original box, original papers",,10 ATM,2019,"Rolex Yacht-Master Chocolate Dial K18PG Steel 40MM ""Random Series"" ",18950,https://www.chrono24.com.au/rolex/12932488.htm,,,Others,,,,28800 A/h,
12932461.htm,Available now,Basic Info,,,165 mm,,,Bracelet/strap,Rolex,,Caliber,Case,28 mm,Gold/Steel,,,2.405E+12,Good (Light signs of wear or scratches),,Brown,,"Nov 30, 2019 - Dec 12, 2019",,Women's watch,,7P6R12,"Japan, 大阪市中央区",,Lady-Datejust,Automatic,,,Bank transfer,,179171G,"Original box, original papers",11 mm,,Unknown,Rolex ロレックス ROLEX／デイトジャスト 279171G K18PGxSS 純正ダイヤ ランダム番 ブラウン 茶 自動巻 レディース ウォッチ 腕時計 ピンクゴールド コンビ ,15860,https://www.chrono24.com.au/rolex/12932461.htm,,,,,,,,
12932460.htm,Available now,Basic Info,,,165 mm,,,Bracelet/strap,Rolex,,Caliber,Case,17 mm,White gold,,,2.40501E+12,"Incomplete (Components missing, non-functional)",,,,"Nov 30, 2019 - Dec 12, 2019",,Women's watch,,7P6R00,"Japan, 大阪市中央区",,,Manual winding,,,Bank transfer,,,"No original box, no original papers",6 mm,,Unknown,Rolex ロレックス ROLEX 腕時計 オーキッド プレシジョン 手巻 アンティーク レディース K18WG無垢 2405010002705 ,3778,https://www.chrono24.com.au/rolex/12932460.htm,,,,,,,,
12933020.htm,Available now,Basic Info,,Steel,,Steel,,Bracelet/strap,Rolex,,Caliber,Case,40 mm,Steel,Fold clasp,Steel,R-5526,Very good (Worn with little to no signs of wear),,Black,No numerals,"Nov 30, 2019 - Dec 12, 2019",Functions,,Sapphire Glass,7P76K7,"Germany, Köln",,Daytona,Automatic,,,Bank transfer,,116520,"Original box, original papers",,,2016,"Rolex Oyster Perpetual Cosmograph Daytona ""Chromalight"" Ref. 116520 ",31994,https://www.chrono24.com.au/rolex/12933020.htm,,,Others,"Chronograph, Tachymeter",,,,
12932434.htm,Available now,Basic Info,,,190 mm,,,Bracelet/strap,Rolex,,Caliber,Case,36 mm,Gold/Steel,,,2.405E+12,Fair (Obvious signs of wear or scratches),,,,"Nov 30, 2019 - Dec 12, 2019",,Men's watch/Unisex,,7P6QA9,"Japan, 大阪市中央区",,Datejust,Automatic,,,Bank transfer,,1601,"No original box, no original papers",12 mm,,Unknown,Rolex ロレックス ROLEX デイトジャスト 時計 1601 2番 自動巻 メンズ K18WGxSS製 2405001155939 OH済 ,4185,https://www.chrono24.com.au/rolex/12932434.htm,,,,,,,,
12933244.htm,Available now,Basic Info,Ceramic,Steel,,Steel,,Bracelet/strap,Rolex,,Caliber,Case,40 mm,Steel,Fold clasp,Steel,,Very good (Worn with little to no signs of wear),,Black,No numerals,"Nov 30, 2019 - Dec 12, 2019",Functions,Men's watch/Unisex,Sapphire Glass,7P7CS9,"Italy, rimini",,Daytona,Automatic,4130,44,Bank transfer,72 h,116500LN,"Original box, original papers",,10 ATM,2016,Rolex Daytona ,36846,https://www.chrono24.com.au/rolex/12933244.htm,Cal.4130,Chronograph,,,,,,
12932422.htm,Available now,Basic Info,,Silver,,,,Bracelet/strap,Rolex,,Caliber,Case,36 mm,Gold/Steel,,,2.405E+12,Good (Light signs of wear or scratches),,Blue,,"Nov 30, 2019 - Dec 12, 2019",,Men's watch/Unisex,,7P6PY2,"Japan, 大阪市中央区",,Datejust,Automatic,,,Bank transfer,,16234G,"Original papers, no original box",12 mm,,Unknown,Rolex ロレックス ROLEX デイトジャスト 16234G U番 ネイビー 自動巻 OH済 K18WGxSS製 純正ダイヤ メンズ 腕時計 ウォッチ ホワイトゴールド コンビ ,8307,https://www.chrono24.com.au/rolex/12932422.htm,,,,,,,,
12932421.htm,Available now,Basic Info,,Silver,200 mm,,,Bracelet/strap,Rolex,,Caliber,Case,41 mm,Gold/Steel,,,2.405E+12,Very good (Worn with little to no signs of wear),,Blue,,"Nov 30, 2019 - Dec 12, 2019",,Men's watch/Unisex,,7P6PX0,"Japan, 大阪市中央区",,Datejust,Automatic,,,Bank transfer,,126334G,"Original box, original papers",13 mm,,Unknown,Rolex ロレックス ROLEX デイトジャスト41 126334G 純正ダイヤ ランダム 未使用 K18WGｘSS製 自動巻 ネイビー メンズ 新品 ウォッチ 腕時計 紺 10P ,16313,https://www.chrono24.com.au/rolex/12932421.htm,,,,,,,,
12932417.htm,Available now,Basic Info,,,165 mm,,,Bracelet/strap,Rolex,,Caliber,Case,26 mm,Gold/Steel,,,2.405E+12,Good (Light signs of wear or scratches),,Gold,,"Nov 30, 2019 - Dec 12, 2019",,Women's watch,,7P6PT9,"Japan, 大阪市中央区",,Lady-Datejust,Automatic,,,Bank transfer,,179173,"Original papers, no original box",11.5 mm,,Unknown,Rolex ロレックス ROLEX デイトジャスト 179173 F番 自動巻 OH済 K18YGxSS レディース バー文字 イエローゴールド コンビ ,7854,https://www.chrono24.com.au/rolex/12932417.htm,,,,,,,,
12932416.htm,Available now,Basic Info,,,170 mm,,,Bracelet/strap,Rolex,,Caliber,Case,30 mm,Gold/Steel,,,2.405E+12,Good (Light signs of wear or scratches),,Gold,,"Nov 30, 2019 - Dec 12, 2019",,Men's watch/Unisex,,7P6PS7,"Japan, 大阪市中央区",,,Automatic,,,Bank transfer,,,"Original papers, no original box",11 mm,,Unknown,Rolex ロレックス ROLEX デイトジャスト 68273 K18YGxSS製 R番 自動巻 ボーイズ 腕時計 ウォッチ コンビ イエローゴールド バー メンズ レディース ,6952,https://www.chrono24.com.au/rolex/12932416.htm,,,,,,,,
12932410.htm,Available now,Basic Info,,,190 mm,,,Bracelet/strap,Rolex,,Caliber,Case,36 mm,,,,2.40501E+12,Good (Light signs of wear or scratches),,,,"Nov 30, 2019 - Dec 12, 2019",,Men's watch/Unisex,,7P6PM5,"Japan, 大阪市中央区",,Day-Date,Automatic,,,Bank transfer,,18946A,"Original box, original papers",12 mm,,Unknown,Rolex ロレックス ROLEX デイデイト 時計 18946A P番 自動巻 メンズPt950無垢 純正ダイヤ パールマスター 2405010010847 ,79355,https://www.chrono24.com.au/rolex/12932410.htm,,,,,,,,
12932407.htm,Available now,Basic Info,,,180 mm,,,Bracelet/strap,Rolex,,Caliber,Case,34 mm,Steel,,,2.405E+12,Fair (Obvious signs of wear or scratches),,Pink,,"Nov 30, 2019 - Dec 12, 2019",,Men's watch/Unisex,,7P6PJ6,"Japan, 大阪市中央区",,Air King Precision,Automatic,,,Bank transfer,,14010,"Original papers, no original box",12 mm,,Unknown,Rolex ロレックス ROLEX エアキング 時計 14010 U番 メンズ 自動巻 2405001275163 ,5894,https://www.chrono24.com.au/rolex/12932407.htm,,,,,,,,
12932403.htm,Available now,Basic Info,,,190 mm,,,Bracelet/strap,Rolex,,Caliber,Case,39 mm,Steel,,,2.405E+12,"Incomplete (Components missing, non-functional)",,,,"Nov 30, 2019 - Dec 12, 2019",,Men's watch/Unisex,,7P6PF8,"Japan, 大阪市中央区",,Submariner Date,Automatic,,,Bank transfer,,1680,"Original box, no original papers",14 mm,,Unknown,Rolex ロレックス ROLEX サブマリーナ 時計 1680 赤サブ マーク4 5番 自動巻 メンズ 2405000988781 ,37032,https://www.chrono24.com.au/rolex/12932403.htm,,,,,,,,
12932394.htm,Available now,Basic Info,White gold,Steel,190 mm,Steel,,Bracelet/strap,Rolex,,Caliber,Case,41 mm,,Fold clasp,,196226,Very good (Worn with little to no signs of wear),Date,Silver,,"Nov 30, 2019 - Dec 12, 2019",Functions,,Sapphire Glass,7P6P63,"Germany, München",,Datejust II,Automatic,,,Bank transfer,,116334,"No original box, no original papers",,,Unknown,Rolex Datejust 41mm Ref. 116334 ,11810,https://www.chrono24.com.au/rolex/12932394.htm,,,,,,,,
12932393.htm,Available now,Basic Info,,Steel,155 mm,Steel,,Bracelet/strap,Rolex,,Caliber,Case,31 mm,Gold/Steel,Fold clasp,,196216,Very good (Worn with little to no signs of wear),Date,Black,,"Nov 30, 2019 - Dec 12, 2019",Functions,,,7P6P51,"Germany, München",,Lady-Datejust,Automatic,,,Bank transfer,,178241,"Original box, original papers",,,2007,Rolex Oyster Perpetual Datejust 31mm Edelstahl/18K Roségold Ref. 178241 ,13126,https://www.chrono24.com.au/rolex/12932393.htm,,,,,,,,
12932829.htm,Available now,Basic Info,,Steel,,Steel,,Bracelet/strap,Rolex,,Caliber,Case,40 mm,Steel,,,21093,Pre-owned,,White,,"Nov 26, 2019 - Dec 4, 2019",,,,7P7192,"Belgium, Bruxelles",,Daytona,Automatic,,,Bank transfer,,,"Original box, original papers",,,1997,Rolex Daytona Zenith 16520 White Dial Full Set ,38574,https://www.chrono24.com.au/rolex/12932829.htm,,,,,,,,
12932389.htm,Available now,Basic Info,,Steel,180 mm,Steel,,Bracelet/strap,Rolex,,Caliber,Case,34 mm,Steel,Fold clasp,,193474,Very good (Worn with little to no signs of wear),Date,Silver,,"Nov 30, 2019 - Dec 12, 2019",Functions,,Plexiglass,7P6P10,"Germany, München",,Oyster Precision,Manual winding,,,Bank transfer,,6694,"No original box, no original papers",,,1964,Rolex Oysterdate Precision Ref. 6694 ,4572,https://www.chrono24.com.au/rolex/12932389.htm,,,,,,,,
12932388.htm,Available now,Basic Info,,,185 mm,Gold/Steel,,Bracelet/strap,Rolex,,Caliber,Case,36 mm,Gold/Steel,Fold clasp,Steel,196209,Very good (Worn with little to no signs of wear),Date,Gold,,"Nov 30, 2019 - Dec 12, 2019",Functions,,,7P6P08,"Germany, München",,Datejust,Automatic,,,Bank transfer,,16013,"No original box, no original papers",,,1985,Rolex Oyster Perpetual Datejust 36mm Edelstahl/18 K Gelbgold Ref. 16013 ,6217,https://www.chrono24.com.au/rolex/12932388.htm,,,,,,,,
12932936.htm,Available now,Basic Info,Ceramic,Steel,,Steel,,Bracelet/strap,Rolex,,Caliber,Case,40 mm,Steel,Fold clasp,Steel,,"Unworn (Mint condition, without signs of wear)",,Black,No numerals,"Nov 26, 2019 - Dec 4, 2019",Functions,Men's watch/Unisex,Sapphire Glass,7P7483,"United Kingdom, Shrewsbury",,Daytona,Automatic,4130,44,Bank transfer,72 h,116500LN,"Original box, original papers",,10 ATM,2019,Rolex Daytona 40mm Mens Ceramic Black Dial Steel Watch ,40270,https://www.chrono24.com.au/rolex/12932936.htm,Cal.4130,Chronograph,,,,,,
12932315.htm,Available now,Basic Info,Gold/Steel,Gold/Steel,,Gold/Steel,,Bracelet/strap,Rolex,,Caliber,Case,40 mm,Gold/Steel,Fold clasp,Gold/Steel,5759392,Good (Light signs of wear or scratches),Date,Blue,No numerals,"Nov 16, 2019 - Nov 25, 2019",Functions,Men's watch/Unisex,Sapphire Glass,7P6MZ1,"Japan, Osaka / Tokyo / Kobe / Nagoya",,Submariner Date,Automatic,3135,31,Bank transfer,48 h,116613LB,"Original box, original papers",,30 ATM,2019,"Rolex Submariner Date Blue 18K Gold Steel 40MM ""Random Series"" ",18538,https://www.chrono24.com.au/rolex/12932315.htm,,,Others,,,,28800 A/h,
12932312.htm,Available now,Basic Info,Rose gold,Gold/Steel,,Gold/Steel,,Bracelet/strap,Rolex,,Caliber,Case,41 mm,Gold/Steel,Fold clasp,Gold/Steel,,"New (Brand new, without any signs of wear)",Date,Grey,No numerals,"Nov 30, 2019 - Dec 12, 2019",Functions,Men's watch/Unisex,Sapphire Glass,7P6MW5,"Spain, Barcelona",,Datejust II,Automatic,3235,31,Bank transfer,70 h,126331,"Original box, original papers",,10 ATM,2019,Rolex Datejust II everose winbledon ,18423,https://www.chrono24.com.au/rolex/12932312.htm,Rolex 3135,,,,,,,
12932826.htm,Available now,Basic Info,,Steel,,Steel,,Bracelet/strap,Rolex,,Caliber,Case,40 mm,Steel,,,21195,Pre-owned,,Black,,"Nov 26, 2019 - Dec 4, 2019",Functions,,,7P7166,"Belgium, Bruxelles",,Explorer II,Automatic,COSC 1570,,Bank transfer,,,"No original box, no original papers",,,1975,"Rolex Explorer II 1655 ""FRECCIONE"" fantastic patina sharp case with 2019 Rolex Service ",,https://www.chrono24.com.au/rolex/12932826.htm,,,Others,,,"Date, GMT",,
12932300.htm,Available now,Basic Info,White gold,Gold,,White gold,,Bracelet/strap,Rolex,,Caliber,Case,40 mm,White gold,Fold clasp,White Gold,,"New (Brand new, without any signs of wear)",,Gold,Arabic numerals,"Nov 30, 2019 - Dec 12, 2019",Functions,Men's watch/Unisex,Sapphire Glass,7P6MK8,"Spain, Barcelona",,Daytona,Automatic,4130,44,Bank transfer,72 h,116509,"Original box, original papers",,10 ATM,2019,Rolex Daytona MOP diamonds ,62343,https://www.chrono24.com.au/rolex/12932300.htm,,Chronograph,,,,,,
12932827.htm,Available now,Basic Info,Steel,,,Leather,,Bracelet/strap,Rolex,,Caliber,Case,34 mm,Steel,,,21121,Pre-owned,Date,Black,,"Nov 26, 2019 - Dec 4, 2019",Functions,,,7P7178,"Belgium, Bruxelles",,,Automatic,,,Bank transfer,,,"No original box, no original papers",,,1962,Rolex Date 1501 Gilt Dial ,,https://www.chrono24.com.au/rolex/12932827.htm,,,Others,,,,,
12932261.htm,Ready to ship in 6-10 days,Basic Info,,,170 mm,,,Bracelet/strap,Rolex,,Caliber,Case,34.5 mm,Steel,,,nagoya3009-30hi125mm,Fair (Obvious signs of wear or scratches),,Silver,,On request,,,Plastic,7P6LH4,"Japan, 愛知県名古屋市",,Oyster Precision,Manual winding,,,Bank transfer,,6694,"No original box, no original papers",,,Unknown,Rolex [Nagoya] 【ROLEX】ロレックス/オイスターデイト/プレシジョン/6694/65年/16番台/Cal.1215/シルバー/SS/アンティーク/手巻き/メンズ【中古】 ,2537,https://www.chrono24.com.au/rolex/12932261.htm,,,,,,,,
12932257.htm,Ready to ship in 6-10 days,Basic Info,,,180 mm,,,Bracelet/strap,Rolex,,Caliber,Case,36 mm,Gold/Steel,,,N1911-01-303215mm,Fair (Obvious signs of wear or scratches),,Silver,,On request,,,Plastic,7P6LD3,"Japan, 愛知県名古屋市",,Datejust,Automatic,,,Bank transfer,,1601,"No original box, no original papers",,10 ATM,2005,Rolex [Nagoya] 【ROLEX】ロレックス/デイトジャスト/1601/38番/75年/シルバー/SS/WG/アンティーク/自動巻き/メンズ【中古】 ,4199,https://www.chrono24.com.au/rolex/12932257.htm,,,,,,,,
12932193.htm,Available now,Basic Info,Yellow gold,Gold,,Yellow gold,,Bracelet/strap,Rolex,,Caliber,Case,40 mm,Yellow gold,Fold clasp,Yellow gold,,"New (Brand new, without any signs of wear)",,Green,No numerals,"Nov 30, 2019 - Dec 12, 2019",Functions,Men's watch/Unisex,Sapphire Glass,7P6JL3,"Spain, Barcelona",,Daytona,Automatic,4130,44,Bank transfer,72 h,116508,"Original box, original papers",,10 ATM,2019,Rolex Daytona GREEN DIAL ,70532,https://www.chrono24.com.au/rolex/12932193.htm,,Chronograph,,,,,,
12932185.htm,Available now,Basic Info,White gold,Steel,,Steel,,Bracelet/strap,Rolex,,Caliber,Case,36 mm,Gold/Steel,Fold clasp,Steel,5778881,Very good (Worn with little to no signs of wear),Date,Silver,No numerals,"Nov 16, 2019 - Nov 25, 2019",Functions,Men's watch/Unisex,Sapphire Glass,7P6JD4,"Japan, Osaka / Tokyo / Kobe / Nagoya",,Datejust,Automatic,3135,31,Bank transfer,48 h,116234,"Original box, original papers",,10 ATM,2017,"Rolex Datejust Silver Dial White Gold Steel 36MM ""Random Series"" ",9337,https://www.chrono24.com.au/rolex/12932185.htm,,,Others,,,,28800 A/h,
